[18:58:43] [main/INFO] (FabricLoader/GameProvider) Loading Minecraft 1.20.4 with Fabric Loader 0.16.14
[18:58:43] [main/DEBUG] (FabricLoader/GamePatch) Found game constructor: net.minecraft.server.Main -> net/minecraft/server/Main
[18:58:43] [main/DEBUG] (FabricLoader/GamePatch) Patching game constructor main([Ljava/lang/String;)V
[18:58:43] [main/DEBUG] (FabricLoader/GamePatch) 20w22a+ detected, patching main method...
[18:58:43] [main/DEBUG] (FabricLoader/GamePatch) Detected version above 20w22a
[18:58:43] [main/DEBUG] (FabricLoader/GamePatch) Applying brand name hook to net/minecraft/client/ClientBrandRetriever::getClientModName
[18:58:43] [main/DEBUG] (FabricLoader/GamePatch) Applying brand name hook to net/minecraft/server/MinecraftServer::getServerModName
[18:58:43] [main/DEBUG] (FabricLoader/GamePatch) Patched 3 classs
[18:58:43] [main/DEBUG] (FabricLoader/Discovery) Mod discovery time: 43.4 ms
[18:58:43] [main/DEBUG] (FabricLoader/Resolution) Mod resolution time: 63.4 ms
[18:58:43] [main/INFO] (FabricLoader) Loading 45 mods:
	- fabric-api 0.97.3+1.20.4
	- fabric-api-base 0.4.37+78d798af4f
	- fabric-api-lookup-api-v1 1.6.50+82b1bb3e4f
	- fabric-biome-api-v1 13.0.17+78d798af4f
	- fabric-block-api-v1 1.0.17+3e2216cb4f
	- fabric-block-view-api-v2 1.0.5+78d798af4f
	- fabric-command-api-v1 1.2.42+f71b366f4f
	- fabric-command-api-v2 2.2.21+78d798af4f
	- fabric-commands-v0 0.2.59+df3654b34f
	- fabric-containers-v0 0.1.88+df3654b34f
	- fabric-content-registries-v0 5.0.16+78d798af4f
	- fabric-convention-tags-v1 1.5.11+78d798af4f
	- fabric-crash-report-info-v1 0.2.24+78d798af4f
	- fabric-data-attachment-api-v1 1.1.5+b90db5744f
	- fabric-data-generation-api-v1 13.2.6+5c0133444f
	- fabric-dimensions-v1 2.1.63+6605d1a84f
	- fabric-entity-events-v1 1.6.2+09fc25014f
	- fabric-events-interaction-v0 0.7.2+389931eb4f
	- fabric-events-lifecycle-v0 0.2.76+df3654b34f
	- fabric-game-rule-api-v1 1.0.47+78d798af4f
	- fabric-gametest-api-v1 1.3.6+85d85a934f
	- fabric-item-api-v1 2.3.1+cadc140c4f
	- fabric-item-group-api-v1 4.0.27+ee30b13a4f
	- fabric-lifecycle-events-v1 2.3.1+a67ffb5d4f
	- fabric-loot-api-v2 2.1.10+78d798af4f
	- fabric-message-api-v1 6.0.6+78d798af4f
	- fabric-mining-level-api-v1 2.1.66+78d798af4f
	- fabric-networking-api-v1 3.1.9+6abb6a4b4f
	- fabric-object-builder-api-v1 13.1.0+dba1195c4f
	- fabric-particles-v1 1.1.8+78d798af4f
	- fabric-recipe-api-v1 2.0.22+78d798af4f
	- fabric-registry-sync-v0 4.0.21+ee30b13a4f
	- fabric-rendering-data-attachment-v1 0.3.43+73761d2e4f
	- fabric-rendering-fluids-v1 3.1.2+e761c6694f
	- fabric-resource-conditions-api-v1 2.3.15+78d798af4f
	- fabric-resource-loader-v0 0.11.21+ee30b13a4f
	- fabric-screen-handler-api-v1 1.3.57+78d798af4f
	- fabric-transfer-api-v1 4.0.12+90f2d7b14f
	- fabric-transitive-access-wideners-v1 5.0.15+78d798af4f
	- fabricloader 0.16.14
	- java 21
	- liftbatch 1.2.0
	- minecraft 1.20.4
	- mixinextras 0.4.1
	- mtr 4.0.5
[18:58:43] [main/DEBUG] (FabricLoader/Knot) Adding C:\Users\user\Desktop\aaa\liftbatch\.gradle\loom-cache\remapped_mods\net_fabricmc_yarn_1_20_4_1_20_4_build_3_v2\net\fabricmc\fabric-api\fabric-message-api-v1\6.0.6+78d798af4f\fabric-message-api-v1-6.0.6+78d798af4f.jar to classpath.
[18:58:43] [main/DEBUG] (FabricLoader/Knot) Adding C:\Users\user\Desktop\aaa\liftbatch\.gradle\loom-cache\remapped_mods\net_fabricmc_yarn_1_20_4_1_20_4_build_3_v2\maven\modrinth\mtr\4.0.5\mtr-4.0.5.jar to classpath.
[18:58:43] [main/DEBUG] (FabricLoader/Knot) Adding C:\Users\user\Desktop\aaa\liftbatch\.gradle\loom-cache\remapped_mods\net_fabricmc_yarn_1_20_4_1_20_4_build_3_v2\net\fabricmc\fabric-api\fabric-particles-v1\1.1.8+78d798af4f\fabric-particles-v1-1.1.8+78d798af4f.jar to classpath.
[18:58:43] [main/DEBUG] (FabricLoader/Knot) Adding C:\Users\user\Desktop\aaa\liftbatch\.gradle\loom-cache\remapped_mods\net_fabricmc_yarn_1_20_4_1_20_4_build_3_v2\net\fabricmc\fabric-api\fabric-game-rule-api-v1\1.0.47+78d798af4f\fabric-game-rule-api-v1-1.0.47+78d798af4f.jar to classpath.
[18:58:43] [main/DEBUG] (FabricLoader/Knot) Adding C:\Users\user\Desktop\aaa\liftbatch\.gradle\loom-cache\remapped_mods\net_fabricmc_yarn_1_20_4_1_20_4_build_3_v2\net\fabricmc\fabric-api\fabric-events-lifecycle-v0\0.2.76+df3654b34f\fabric-events-lifecycle-v0-0.2.76+df3654b34f.jar to classpath.
[18:58:43] [main/DEBUG] (FabricLoader/Knot) Adding C:\Users\user\Desktop\aaa\liftbatch\.gradle\loom-cache\remapped_mods\net_fabricmc_yarn_1_20_4_1_20_4_build_3_v2\net\fabricmc\fabric-api\fabric-item-group-api-v1\4.0.27+ee30b13a4f\fabric-item-group-api-v1-4.0.27+ee30b13a4f.jar to classpath.
[18:58:43] [main/DEBUG] (FabricLoader/Knot) Adding C:\Users\user\Desktop\aaa\liftbatch\.gradle\loom-cache\remapped_mods\net_fabricmc_yarn_1_20_4_1_20_4_build_3_v2\net\fabricmc\fabric-api\fabric-rendering-fluids-v1\3.1.2+e761c6694f\fabric-rendering-fluids-v1-3.1.2+e761c6694f.jar to classpath.
[18:58:43] [main/DEBUG] (FabricLoader/Knot) Adding C:\Users\user\Desktop\aaa\liftbatch\.gradle\loom-cache\remapped_mods\net_fabricmc_yarn_1_20_4_1_20_4_build_3_v2\net\fabricmc\fabric-api\fabric-gametest-api-v1\1.3.6+85d85a934f\fabric-gametest-api-v1-1.3.6+85d85a934f.jar to classpath.
[18:58:43] [main/DEBUG] (FabricLoader/Knot) Adding C:\Users\user\Desktop\aaa\liftbatch\.gradle\loom-cache\remapped_mods\net_fabricmc_yarn_1_20_4_1_20_4_build_3_v2\net\fabricmc\fabric-api\fabric-content-registries-v0\5.0.16+78d798af4f\fabric-content-registries-v0-5.0.16+78d798af4f.jar to classpath.
[18:58:43] [main/DEBUG] (FabricLoader/Knot) Adding C:\Users\user\Desktop\aaa\liftbatch\.gradle\loom-cache\remapped_mods\net_fabricmc_yarn_1_20_4_1_20_4_build_3_v2\net\fabricmc\fabric-api\fabric-block-view-api-v2\1.0.5+78d798af4f\fabric-block-view-api-v2-1.0.5+78d798af4f.jar to classpath.
[18:58:43] [main/DEBUG] (FabricLoader/Knot) Adding C:\Users\user\Desktop\aaa\liftbatch\.gradle\loom-cache\remapped_mods\net_fabricmc_yarn_1_20_4_1_20_4_build_3_v2\net\fabricmc\fabric-api\fabric-containers-v0\0.1.88+df3654b34f\fabric-containers-v0-0.1.88+df3654b34f.jar to classpath.
[18:58:43] [main/DEBUG] (FabricLoader/Knot) Adding C:\Users\user\Desktop\aaa\liftbatch\build\resources\main to classpath.
[18:58:43] [main/DEBUG] (FabricLoader/Knot) Adding C:\Users\user\Desktop\aaa\liftbatch\.gradle\loom-cache\remapped_mods\net_fabricmc_yarn_1_20_4_1_20_4_build_3_v2\net\fabricmc\fabric-api\fabric-registry-sync-v0\4.0.21+ee30b13a4f\fabric-registry-sync-v0-4.0.21+ee30b13a4f.jar to classpath.
[18:58:43] [main/DEBUG] (FabricLoader/Knot) Adding C:\Users\user\Desktop\aaa\liftbatch\.gradle\loom-cache\remapped_mods\net_fabricmc_yarn_1_20_4_1_20_4_build_3_v2\net\fabricmc\fabric-api\fabric-convention-tags-v1\1.5.11+78d798af4f\fabric-convention-tags-v1-1.5.11+78d798af4f.jar to classpath.
[18:58:43] [main/DEBUG] (FabricLoader/Knot) Adding C:\Users\user\Desktop\aaa\liftbatch\.gradle\loom-cache\remapped_mods\net_fabricmc_yarn_1_20_4_1_20_4_build_3_v2\net\fabricmc\fabric-api\fabric-rendering-data-attachment-v1\0.3.43+73761d2e4f\fabric-rendering-data-attachment-v1-0.3.43+73761d2e4f.jar to classpath.
[18:58:43] [main/DEBUG] (FabricLoader/Knot) Adding C:\Users\user\Desktop\aaa\liftbatch\.gradle\loom-cache\remapped_mods\net_fabricmc_yarn_1_20_4_1_20_4_build_3_v2\net\fabricmc\fabric-api\fabric-events-interaction-v0\0.7.2+389931eb4f\fabric-events-interaction-v0-0.7.2+389931eb4f.jar to classpath.
[18:58:43] [main/DEBUG] (FabricLoader/Knot) Adding C:\Users\user\Desktop\aaa\liftbatch\.gradle\loom-cache\remapped_mods\net_fabricmc_yarn_1_20_4_1_20_4_build_3_v2\net\fabricmc\fabric-api\fabric-api\0.97.3+1.20.4\fabric-api-0.97.3+1.20.4.jar to classpath.
[18:58:43] [main/DEBUG] (FabricLoader/Knot) Adding C:\Users\user\Desktop\aaa\liftbatch\.gradle\loom-cache\remapped_mods\net_fabricmc_yarn_1_20_4_1_20_4_build_3_v2\net\fabricmc\fabric-api\fabric-mining-level-api-v1\2.1.66+78d798af4f\fabric-mining-level-api-v1-2.1.66+78d798af4f.jar to classpath.
[18:58:43] [main/DEBUG] (FabricLoader/Knot) Adding C:\Users\user\Desktop\aaa\liftbatch\.gradle\loom-cache\remapped_mods\net_fabricmc_yarn_1_20_4_1_20_4_build_3_v2\net\fabricmc\fabric-api\fabric-dimensions-v1\2.1.63+6605d1a84f\fabric-dimensions-v1-2.1.63+6605d1a84f.jar to classpath.
[18:58:43] [main/DEBUG] (FabricLoader/Knot) Adding C:\Users\user\Desktop\aaa\liftbatch\.gradle\loom-cache\remapped_mods\net_fabricmc_yarn_1_20_4_1_20_4_build_3_v2\net\fabricmc\fabric-api\fabric-commands-v0\0.2.59+df3654b34f\fabric-commands-v0-0.2.59+df3654b34f.jar to classpath.
[18:58:43] [main/DEBUG] (FabricLoader/Knot) Adding C:\Users\user\Desktop\aaa\liftbatch\.gradle\loom-cache\remapped_mods\net_fabricmc_yarn_1_20_4_1_20_4_build_3_v2\net\fabricmc\fabric-api\fabric-entity-events-v1\1.6.2+09fc25014f\fabric-entity-events-v1-1.6.2+09fc25014f.jar to classpath.
[18:58:43] [main/DEBUG] (FabricLoader/Knot) Adding C:\Users\user\Desktop\aaa\liftbatch\.gradle\loom-cache\remapped_mods\net_fabricmc_yarn_1_20_4_1_20_4_build_3_v2\net\fabricmc\fabric-api\fabric-api-base\0.4.37+78d798af4f\fabric-api-base-0.4.37+78d798af4f.jar to classpath.
[18:58:43] [main/DEBUG] (FabricLoader/Knot) Adding C:\Users\user\Desktop\aaa\liftbatch\.gradle\loom-cache\remapped_mods\net_fabricmc_yarn_1_20_4_1_20_4_build_3_v2\net\fabricmc\fabric-api\fabric-networking-api-v1\3.1.9+6abb6a4b4f\fabric-networking-api-v1-3.1.9+6abb6a4b4f.jar to classpath.
[18:58:43] [main/DEBUG] (FabricLoader/Knot) Adding C:\Users\user\Desktop\aaa\liftbatch\.gradle\loom-cache\remapped_mods\net_fabricmc_yarn_1_20_4_1_20_4_build_3_v2\net\fabricmc\fabric-api\fabric-data-generation-api-v1\13.2.6+5c0133444f\fabric-data-generation-api-v1-13.2.6+5c0133444f.jar to classpath.
[18:58:43] [main/DEBUG] (FabricLoader/Knot) Adding C:\Users\user\Desktop\aaa\liftbatch\.gradle\loom-cache\remapped_mods\net_fabricmc_yarn_1_20_4_1_20_4_build_3_v2\net\fabricmc\fabric-api\fabric-recipe-api-v1\2.0.22+78d798af4f\fabric-recipe-api-v1-2.0.22+78d798af4f.jar to classpath.
[18:58:43] [main/DEBUG] (FabricLoader/Knot) Adding C:\Users\user\Desktop\aaa\liftbatch\.gradle\loom-cache\remapped_mods\net_fabricmc_yarn_1_20_4_1_20_4_build_3_v2\net\fabricmc\fabric-api\fabric-object-builder-api-v1\13.1.0+dba1195c4f\fabric-object-builder-api-v1-13.1.0+dba1195c4f.jar to classpath.
[18:58:43] [main/DEBUG] (FabricLoader/Knot) Adding C:\Users\user\Desktop\aaa\liftbatch\.gradle\loom-cache\remapped_mods\net_fabricmc_yarn_1_20_4_1_20_4_build_3_v2\net\fabricmc\fabric-api\fabric-lifecycle-events-v1\2.3.1+a67ffb5d4f\fabric-lifecycle-events-v1-2.3.1+a67ffb5d4f.jar to classpath.
[18:58:43] [main/DEBUG] (FabricLoader/Knot) Adding C:\Users\user\Desktop\aaa\liftbatch\.gradle\loom-cache\remapped_mods\net_fabricmc_yarn_1_20_4_1_20_4_build_3_v2\net\fabricmc\fabric-api\fabric-item-api-v1\2.3.1+cadc140c4f\fabric-item-api-v1-2.3.1+cadc140c4f.jar to classpath.
[18:58:43] [main/DEBUG] (FabricLoader/Knot) Adding C:\Users\user\Desktop\aaa\liftbatch\.gradle\loom-cache\remapped_mods\net_fabricmc_yarn_1_20_4_1_20_4_build_3_v2\net\fabricmc\fabric-api\fabric-loot-api-v2\2.1.10+78d798af4f\fabric-loot-api-v2-2.1.10+78d798af4f.jar to classpath.
[18:58:43] [main/DEBUG] (FabricLoader/Knot) Adding C:\Users\user\Desktop\aaa\liftbatch\.gradle\loom-cache\remapped_mods\net_fabricmc_yarn_1_20_4_1_20_4_build_3_v2\net\fabricmc\fabric-api\fabric-block-api-v1\1.0.17+3e2216cb4f\fabric-block-api-v1-1.0.17+3e2216cb4f.jar to classpath.
[18:58:43] [main/DEBUG] (FabricLoader/Knot) Adding C:\Users\user\Desktop\aaa\liftbatch\.gradle\loom-cache\remapped_mods\net_fabricmc_yarn_1_20_4_1_20_4_build_3_v2\net\fabricmc\fabric-api\fabric-biome-api-v1\13.0.17+78d798af4f\fabric-biome-api-v1-13.0.17+78d798af4f.jar to classpath.
[18:58:43] [main/DEBUG] (FabricLoader/Knot) Adding C:\Users\user\Desktop\aaa\liftbatch\.gradle\loom-cache\remapped_mods\net_fabricmc_yarn_1_20_4_1_20_4_build_3_v2\net\fabricmc\fabric-api\fabric-command-api-v1\1.2.42+f71b366f4f\fabric-command-api-v1-1.2.42+f71b366f4f.jar to classpath.
[18:58:43] [main/DEBUG] (FabricLoader/Knot) Adding C:\Users\user\Desktop\aaa\liftbatch\.gradle\loom-cache\remapped_mods\net_fabricmc_yarn_1_20_4_1_20_4_build_3_v2\net\fabricmc\fabric-api\fabric-command-api-v2\2.2.21+78d798af4f\fabric-command-api-v2-2.2.21+78d798af4f.jar to classpath.
[18:58:43] [main/DEBUG] (FabricLoader/Knot) Adding C:\Users\user\Desktop\aaa\liftbatch\.gradle\loom-cache\remapped_mods\net_fabricmc_yarn_1_20_4_1_20_4_build_3_v2\net\fabricmc\fabric-api\fabric-crash-report-info-v1\0.2.24+78d798af4f\fabric-crash-report-info-v1-0.2.24+78d798af4f.jar to classpath.
[18:58:43] [main/DEBUG] (FabricLoader/Knot) Adding C:\Users\user\Desktop\aaa\liftbatch\.gradle\loom-cache\remapped_mods\net_fabricmc_yarn_1_20_4_1_20_4_build_3_v2\net\fabricmc\fabric-api\fabric-data-attachment-api-v1\1.1.5+b90db5744f\fabric-data-attachment-api-v1-1.1.5+b90db5744f.jar to classpath.
[18:58:43] [main/DEBUG] (FabricLoader/Knot) Adding C:\Users\user\Desktop\aaa\liftbatch\.gradle\loom-cache\remapped_mods\net_fabricmc_yarn_1_20_4_1_20_4_build_3_v2\net\fabricmc\fabric-api\fabric-transfer-api-v1\4.0.12+90f2d7b14f\fabric-transfer-api-v1-4.0.12+90f2d7b14f.jar to classpath.
[18:58:43] [main/DEBUG] (FabricLoader/Knot) Adding C:\Users\user\Desktop\aaa\liftbatch\.gradle\loom-cache\remapped_mods\net_fabricmc_yarn_1_20_4_1_20_4_build_3_v2\net\fabricmc\fabric-api\fabric-screen-handler-api-v1\1.3.57+78d798af4f\fabric-screen-handler-api-v1-1.3.57+78d798af4f.jar to classpath.
[18:58:43] [main/DEBUG] (FabricLoader/Knot) Adding C:\Users\user\.gradle\caches\modules-2\files-2.1\io.github.llamalad7\mixinextras-fabric\0.4.1\8d1a9e96afb990367fa1f904d17580d164da72e3\mixinextras-fabric-0.4.1.jar to classpath.
[18:58:43] [main/DEBUG] (FabricLoader/Knot) Adding C:\Users\user\Desktop\aaa\liftbatch\.gradle\loom-cache\remapped_mods\net_fabricmc_yarn_1_20_4_1_20_4_build_3_v2\net\fabricmc\fabric-api\fabric-resource-loader-v0\0.11.21+ee30b13a4f\fabric-resource-loader-v0-0.11.21+ee30b13a4f.jar to classpath.
[18:58:43] [main/DEBUG] (FabricLoader/Knot) Adding C:\Users\user\Desktop\aaa\liftbatch\.gradle\loom-cache\remapped_mods\net_fabricmc_yarn_1_20_4_1_20_4_build_3_v2\net\fabricmc\fabric-api\fabric-resource-conditions-api-v1\2.3.15+78d798af4f\fabric-resource-conditions-api-v1-2.3.15+78d798af4f.jar to classpath.
[18:58:43] [main/DEBUG] (FabricLoader/Knot) Adding C:\Users\user\Desktop\aaa\liftbatch\.gradle\loom-cache\remapped_mods\net_fabricmc_yarn_1_20_4_1_20_4_build_3_v2\net\fabricmc\fabric-api\fabric-api-lookup-api-v1\1.6.50+82b1bb3e4f\fabric-api-lookup-api-v1-1.6.50+82b1bb3e4f.jar to classpath.
[18:58:43] [main/DEBUG] (FabricLoader/Knot) Adding C:\Users\user\Desktop\aaa\liftbatch\.gradle\loom-cache\remapped_mods\net_fabricmc_yarn_1_20_4_1_20_4_build_3_v2\net\fabricmc\fabric-api\fabric-transitive-access-wideners-v1\5.0.15+78d798af4f\fabric-transitive-access-wideners-v1-5.0.15+78d798af4f.jar to classpath.
[18:58:43] [main/DEBUG] (FabricLoader/Entrypoint) Registering new-style initializer org.mtr.init.ModMenuConfig for mod mtr (key modmenu)
[18:58:43] [main/DEBUG] (FabricLoader/Entrypoint) Registering new-style initializer org.mtr.init.MTRClient for mod mtr (key client)
[18:58:43] [main/DEBUG] (FabricLoader/Entrypoint) Registering new-style initializer org.mtr.init.JadeConfig for mod mtr (key jade)
[18:58:43] [main/DEBUG] (FabricLoader/Entrypoint) Registering new-style initializer org.mtr.init.MTR for mod mtr (key main)
[18:58:43] [main/DEBUG] (FabricLoader/Entrypoint) Registering new-style initializer net.fabricmc.fabric.impl.event.lifecycle.v0.client.LegacyClientEventInvokers for mod fabric-events-lifecycle-v0 (key client)
[18:58:43] [main/DEBUG] (FabricLoader/Entrypoint) Registering new-style initializer net.fabricmc.fabric.impl.event.lifecycle.v0.LegacyEventInvokers for mod fabric-events-lifecycle-v0 (key main)
[18:58:43] [main/DEBUG] (FabricLoader/Entrypoint) Registering new-style initializer net.fabricmc.fabric.impl.gametest.FabricGameTestModInitializer for mod fabric-gametest-api-v1 (key main)
[18:58:43] [main/DEBUG] (FabricLoader/Entrypoint) Registering new-style initializer net.fabricmc.fabric.impl.client.container.ScreenProviderRegistryImpl::init for mod fabric-containers-v0 (key client)
[18:58:43] [main/DEBUG] (FabricLoader/Entrypoint) Registering new-style initializer com.liftbatch.client.LiftBatchClient for mod liftbatch (key client)
[18:58:43] [main/DEBUG] (FabricLoader/Entrypoint) Registering new-style initializer com.liftbatch.LiftBatchMod for mod liftbatch (key main)
[18:58:43] [main/DEBUG] (FabricLoader/Entrypoint) Registering new-style initializer net.fabricmc.fabric.impl.client.registry.sync.FabricRegistryClientInit for mod fabric-registry-sync-v0 (key client)
[18:58:43] [main/DEBUG] (FabricLoader/Entrypoint) Registering new-style initializer net.fabricmc.fabric.impl.registry.sync.FabricRegistryInit for mod fabric-registry-sync-v0 (key main)
[18:58:43] [main/DEBUG] (FabricLoader/Entrypoint) Registering new-style initializer net.fabricmc.fabric.impl.event.interaction.client.InteractionEventsRouterClient for mod fabric-events-interaction-v0 (key client)
[18:58:43] [main/DEBUG] (FabricLoader/Entrypoint) Registering new-style initializer net.fabricmc.fabric.impl.event.interaction.InteractionEventsRouter for mod fabric-events-interaction-v0 (key main)
[18:58:43] [main/DEBUG] (FabricLoader/Entrypoint) Registering new-style initializer net.fabricmc.fabric.impl.networking.client.ClientNetworkingImpl::clientInit for mod fabric-networking-api-v1 (key client)
[18:58:43] [main/DEBUG] (FabricLoader/Entrypoint) Registering new-style initializer net.fabricmc.fabric.impl.networking.CommonPacketsImpl::init for mod fabric-networking-api-v1 (key main)
[18:58:43] [main/DEBUG] (FabricLoader/Entrypoint) Registering new-style initializer net.fabricmc.fabric.impl.recipe.ingredient.client.CustomIngredientSyncClient for mod fabric-recipe-api-v1 (key client)
[18:58:43] [main/DEBUG] (FabricLoader/Entrypoint) Registering new-style initializer net.fabricmc.fabric.impl.recipe.ingredient.CustomIngredientInit for mod fabric-recipe-api-v1 (key main)
[18:58:43] [main/DEBUG] (FabricLoader/Entrypoint) Registering new-style initializer net.fabricmc.fabric.impl.recipe.ingredient.CustomIngredientSync for mod fabric-recipe-api-v1 (key main)
[18:58:43] [main/DEBUG] (FabricLoader/Entrypoint) Registering new-style initializer net.fabricmc.fabric.impl.client.event.lifecycle.ClientLifecycleEventsImpl for mod fabric-lifecycle-events-v1 (key client)
[18:58:43] [main/DEBUG] (FabricLoader/Entrypoint) Registering new-style initializer net.fabricmc.fabric.impl.event.lifecycle.LifecycleEventsImpl for mod fabric-lifecycle-events-v1 (key main)
[18:58:43] [main/DEBUG] (FabricLoader/Entrypoint) Registering new-style initializer net.fabricmc.fabric.impl.command.v1.LegacyHandler for mod fabric-command-api-v1 (key main)
[18:58:43] [main/DEBUG] (FabricLoader/Entrypoint) Registering new-style initializer net.fabricmc.fabric.impl.attachment.AttachmentEntrypoint for mod fabric-data-attachment-api-v1 (key main)
[18:58:43] [main/DEBUG] (FabricLoader/Entrypoint) Registering new-style initializer net.fabricmc.fabric.impl.screenhandler.client.ClientNetworking for mod fabric-screen-handler-api-v1 (key client)
[18:58:43] [main/DEBUG] (FabricLoader/Entrypoint) Registering new-style initializer net.fabricmc.fabric.impl.lookup.ApiLookupImpl for mod fabric-api-lookup-api-v1 (key main)
[18:58:44] [main/INFO] (FabricLoader/Mixin) SpongePowered MIXIN Subsystem Version=0.8.7 Source=file:/C:/Users/user/.gradle/caches/modules-2/files-2.1/net.fabricmc/sponge-mixin/0.15.5+mixin.0.8.7/22f9eb729e216a091673a574a5906dc1b9027fb3/sponge-mixin-0.15.5+mixin.0.8.7.jar Service=Knot/Fabric Env=SERVER
[18:58:44] [main/DEBUG] (FabricLoader/Mixin) Initialising Mixin Platform Manager
[18:58:44] [main/DEBUG] (FabricLoader/Mixin) Adding mixin platform agents for container ContainerHandleURI(file:///C:/Users/user/.gradle/caches/modules-2/files-2.1/net.fabricmc/fabric-loader/0.16.14/5778d47f536bf2c63ed2abc1a56f5a1c129e34a/fabric-loader-0.16.14.jar)
[18:58:44] [main/DEBUG] (FabricLoader/Mixin) Instancing new MixinPlatformAgentDefault for ContainerHandleURI(file:///C:/Users/user/.gradle/caches/modules-2/files-2.1/net.fabricmc/fabric-loader/0.16.14/5778d47f536bf2c63ed2abc1a56f5a1c129e34a/fabric-loader-0.16.14.jar)
[18:58:44] [main/DEBUG] (FabricLoader/Mixin) MixinPlatformAgentDefault accepted container ContainerHandleURI(file:///C:/Users/user/.gradle/caches/modules-2/files-2.1/net.fabricmc/fabric-loader/0.16.14/5778d47f536bf2c63ed2abc1a56f5a1c129e34a/fabric-loader-0.16.14.jar)
[18:58:44] [main/DEBUG] (FabricLoader/Mixin) Instancing new MixinPlatformAgentDefault for ContainerHandleURI(file:///C:/Users/user/.gradle/caches/modules-2/files-2.1/net.fabricmc/fabric-loader/0.16.14/5778d47f536bf2c63ed2abc1a56f5a1c129e34a/fabric-loader-0.16.14.jar)
[18:58:44] [main/DEBUG] (FabricLoader/Mixin) MixinPlatformAgentDefault accepted container ContainerHandleURI(file:///C:/Users/user/.gradle/caches/modules-2/files-2.1/net.fabricmc/fabric-loader/0.16.14/5778d47f536bf2c63ed2abc1a56f5a1c129e34a/fabric-loader-0.16.14.jar)
[18:58:44] [main/DEBUG] (FabricLoader/Mixin) Processing prepare() for PlatformAgent[MixinPlatformAgentDefault:ContainerHandleURI(file:///C:/Users/user/.gradle/caches/modules-2/files-2.1/net.fabricmc/fabric-loader/0.16.14/5778d47f536bf2c63ed2abc1a56f5a1c129e34a/fabric-loader-0.16.14.jar)]
[18:58:44] [main/DEBUG] (FabricLoader/Mixin) Processing prepare() for PlatformAgent[MixinPlatformAgentDefault:ContainerHandleURI(file:///C:/Users/user/.gradle/caches/modules-2/files-2.1/net.fabricmc/fabric-loader/0.16.14/5778d47f536bf2c63ed2abc1a56f5a1c129e34a/fabric-loader-0.16.14.jar)]
[18:58:44] [main/DEBUG] (FabricLoader/Mappings) Loading mappings took 127 ms
[18:58:44] [main/INFO] (FabricLoader/Mixin) Loaded Fabric development mappings for mixin remapper!
[18:58:44] [main/DEBUG] (FabricLoader/Mixin) Compatibility level JAVA_17 specified by fabric-message-api-v1.mixins.json is higher than the maximum level supported by this version of mixin (JAVA_13).
[18:58:44] [main/INFO] (FabricLoader/Mixin) Compatibility level set to JAVA_17
[18:58:44] [main/DEBUG] (FabricLoader/Mixin) Mixin config fabric-message-api-v1.mixins.json does not specify "minVersion" or "requiredFeatures" property
[18:58:44] [main/DEBUG] (FabricLoader/Mixin) Mixin config fabric-game-rule-api-v1.mixins.json does not specify "minVersion" or "requiredFeatures" property
[18:58:44] [main/DEBUG] (FabricLoader/Mixin) Mixin config fabric-item-group-api-v1.mixins.json does not specify "minVersion" or "requiredFeatures" property
[18:58:44] [main/DEBUG] (FabricLoader/Mixin) Mixin config fabric-gametest-api-v1.mixins.json does not specify "minVersion" or "requiredFeatures" property
[18:58:44] [main/DEBUG] (FabricLoader/Mixin) Mixin config fabric-content-registries-v0.mixins.json does not specify "minVersion" or "requiredFeatures" property
[18:58:44] [main/DEBUG] (FabricLoader/Mixin) Mixin config fabric-block-view-api-v2.mixins.json does not specify "minVersion" or "requiredFeatures" property
[18:58:44] [main/DEBUG] (FabricLoader/Mixin) Mixin config fabric-containers-v0.mixins.json does not specify "minVersion" or "requiredFeatures" property
[18:58:44] [main/DEBUG] (FabricLoader/Mixin) Mixin config fabric-containers-v0.accurate.mixins.json does not specify "minVersion" or "requiredFeatures" property
[18:58:44] [main/DEBUG] (FabricLoader/Mixin) Mixin config fabric-registry-sync-v0.mixins.json does not specify "minVersion" or "requiredFeatures" property
[18:58:44] [main/DEBUG] (FabricLoader/Mixin) Mixin config fabric-rendering-data-attachment-v1.mixins.json does not specify "minVersion" or "requiredFeatures" property
[18:58:44] [main/DEBUG] (FabricLoader/Mixin) Mixin config fabric-events-interaction-v0.mixins.json does not specify "minVersion" or "requiredFeatures" property
[18:58:44] [main/DEBUG] (FabricLoader/Mixin) Mixin config fabric-mining-level-api-v1.mixins.json does not specify "minVersion" or "requiredFeatures" property
[18:58:44] [main/DEBUG] (FabricLoader/Mixin) Mixin config fabric-dimensions-v1.mixins.json does not specify "minVersion" or "requiredFeatures" property
[18:58:44] [main/DEBUG] (FabricLoader/Mixin) Mixin config fabric-entity-events-v1.mixins.json does not specify "minVersion" or "requiredFeatures" property
[18:58:44] [main/DEBUG] (FabricLoader/Mixin) Mixin config fabric-networking-api-v1.mixins.json does not specify "minVersion" or "requiredFeatures" property
[18:58:44] [main/DEBUG] (FabricLoader/Mixin) Mixin config fabric-data-generation-api-v1.mixins.json does not specify "minVersion" or "requiredFeatures" property
[18:58:44] [main/DEBUG] (FabricLoader/Mixin) Mixin config fabric-recipe-api-v1.mixins.json does not specify "minVersion" or "requiredFeatures" property
[18:58:44] [main/DEBUG] (FabricLoader/Mixin) Mixin config fabric-object-builder-v1.mixins.json does not specify "minVersion" or "requiredFeatures" property
[18:58:44] [main/DEBUG] (FabricLoader/Mixin) Mixin config fabric-lifecycle-events-v1.mixins.json does not specify "minVersion" or "requiredFeatures" property
[18:58:44] [main/DEBUG] (FabricLoader/Mixin) Mixin config fabric-item-api-v1.mixins.json does not specify "minVersion" or "requiredFeatures" property
[18:58:44] [main/DEBUG] (FabricLoader/Mixin) Mixin config fabric-loot-api-v2.mixins.json does not specify "minVersion" or "requiredFeatures" property
[18:58:44] [main/DEBUG] (FabricLoader/Mixin) Mixin config fabric-block-api-v1.mixins.json does not specify "minVersion" or "requiredFeatures" property
[18:58:44] [main/DEBUG] (FabricLoader/Mixin) Mixin config fabric-biome-api-v1.mixins.json does not specify "minVersion" or "requiredFeatures" property
[18:58:44] [main/DEBUG] (FabricLoader/Mixin) Mixin config fabric-command-api-v2.mixins.json does not specify "minVersion" or "requiredFeatures" property
[18:58:44] [main/DEBUG] (FabricLoader/Mixin) Mixin config fabric-crash-report-info-v1.mixins.json does not specify "minVersion" or "requiredFeatures" property
[18:58:44] [main/DEBUG] (FabricLoader/Mixin) Mixin config fabric-data-attachment-api-v1.mixins.json does not specify "minVersion" or "requiredFeatures" property
[18:58:44] [main/DEBUG] (FabricLoader/Mixin) Mixin config fabric-transfer-api-v1.mixins.json does not specify "minVersion" or "requiredFeatures" property
[18:58:44] [main/DEBUG] (FabricLoader/Mixin) Mixin config fabric-screen-handler-api-v1.mixins.json does not specify "minVersion" or "requiredFeatures" property
[18:58:44] [main/DEBUG] (FabricLoader/Mixin) Mixin config fabric-resource-loader-v0.mixins.json does not specify "minVersion" or "requiredFeatures" property
[18:58:44] [main/DEBUG] (FabricLoader/Mixin) Mixin config fabric-resource-conditions-api-v1.mixins.json does not specify "minVersion" or "requiredFeatures" property
[18:58:44] [main/DEBUG] (FabricLoader/Mixin) Mixin config fabric-api-lookup-api-v1.mixins.json does not specify "minVersion" or "requiredFeatures" property
[18:58:44] [main/DEBUG] (FabricLoader/Knot) Adding C:\Users\user\Desktop\aaa\liftbatch\.gradle\loom-cache\minecraftMaven\net\minecraft\minecraft-merged-0bd2a6c231\1.20.4-net.fabricmc.yarn.1_20_4.1.20.4+build.3-v2\minecraft-merged-0bd2a6c231-1.20.4-net.fabricmc.yarn.1_20_4.1.20.4+build.3-v2.jar to classpath.
[18:58:44] [main/DEBUG] (FabricLoader/Knot) Adding C:\Users\user\Desktop\aaa\liftbatch\build\classes\java\main to classpath.
[18:58:44] [main/DEBUG] (FabricLoader/Knot) Adding C:\Users\user\Desktop\aaa\liftbatch\build\resources\main to classpath.
[18:58:44] [main/DEBUG] (FabricLoader/Knot) Adding C:\Users\user\.gradle\caches\fabric-loom\1.20.4\net.fabricmc.yarn.1_20_4.1.20.4+build.3-v2\mappings.jar to classpath.
[18:58:44] [main/DEBUG] (FabricLoader/Knot) Adding C:\Users\user\.gradle\caches\modules-2\files-2.1\io.github.llamalad7\mixinextras-fabric\0.4.1\8d1a9e96afb990367fa1f904d17580d164da72e3\mixinextras-fabric-0.4.1.jar to classpath.
[18:58:44] [main/DEBUG] (FabricLoader/Knot) Adding C:\Users\user\.gradle\caches\modules-2\files-2.1\net.fabricmc\dev-launch-injector\0.2.1+build.8\da8bef7e6e2f952da707f282bdb46882a0fce5e3\dev-launch-injector-0.2.1+build.8.jar to classpath.
[18:58:44] [main/DEBUG] (FabricLoader/Knot) Adding C:\Users\user\.gradle\caches\modules-2\files-2.1\com.github.oshi\oshi-core\6.4.5\943ba26de047eb6b28fff47f5ee939a34eb5fc8e\oshi-core-6.4.5.jar to classpath.
[18:58:44] [main/DEBUG] (FabricLoader/Knot) Adding C:\Users\user\.gradle\caches\modules-2\files-2.1\com.google.guava\failureaccess\1.0.1\1dcf1de382a0bf95a3d8b0849546c88bac1292c9\failureaccess-1.0.1.jar to classpath.
[18:58:44] [main/DEBUG] (FabricLoader/Knot) Adding C:\Users\user\.gradle\caches\modules-2\files-2.1\com.google.guava\guava\32.1.2-jre\5e64ec7e056456bef3a4bc4c6fdaef71e8ab6318\guava-32.1.2-jre.jar to classpath.
[18:58:44] [main/DEBUG] (FabricLoader/Knot) Adding C:\Users\user\.gradle\caches\modules-2\files-2.1\com.mojang\brigadier\1.2.9\73e324f2ee541493a5179abf367237faa782ed21\brigadier-1.2.9.jar to classpath.
[18:58:44] [main/DEBUG] (FabricLoader/Knot) Adding C:\Users\user\.gradle\caches\modules-2\files-2.1\com.mojang\datafixerupper\6.0.8\3ba4a30557a9b057760af4011f909ba619fc5125\datafixerupper-6.0.8.jar to classpath.
[18:58:44] [main/DEBUG] (FabricLoader/Knot) Adding C:\Users\user\.gradle\caches\modules-2\files-2.1\commons-io\commons-io\2.13.0\8bb2bc9b4df17e2411533a0708a69f983bf5e83b\commons-io-2.13.0.jar to classpath.
[18:58:44] [main/DEBUG] (FabricLoader/Knot) Adding C:\Users\user\.gradle\caches\modules-2\files-2.1\io.netty\netty-buffer\4.1.97.Final\f8f3d8644afa5e6e1a40a3a6aeb9d9aa970ecb4f\netty-buffer-4.1.97.Final.jar to classpath.
[18:58:44] [main/DEBUG] (FabricLoader/Knot) Adding C:\Users\user\.gradle\caches\modules-2\files-2.1\io.netty\netty-codec\4.1.97.Final\384ba4d75670befbedb45c4d3b497a93639c206d\netty-codec-4.1.97.Final.jar to classpath.
[18:58:44] [main/DEBUG] (FabricLoader/Knot) Adding C:\Users\user\.gradle\caches\modules-2\files-2.1\io.netty\netty-common\4.1.97.Final\7cceacaf11df8dc63f23d0fb58e9d4640fc88404\netty-common-4.1.97.Final.jar to classpath.
[18:58:44] [main/DEBUG] (FabricLoader/Knot) Adding C:\Users\user\.gradle\caches\modules-2\files-2.1\io.netty\netty-handler\4.1.97.Final\abb86c6906bf512bf2b797a41cd7d2e8d3cd7c36\netty-handler-4.1.97.Final.jar to classpath.
[18:58:44] [main/DEBUG] (FabricLoader/Knot) Adding C:\Users\user\.gradle\caches\modules-2\files-2.1\io.netty\netty-resolver\4.1.97.Final\cec8348108dc76c47cf87c669d514be52c922144\netty-resolver-4.1.97.Final.jar to classpath.
[18:58:44] [main/DEBUG] (FabricLoader/Knot) Adding C:\Users\user\.gradle\caches\modules-2\files-2.1\io.netty\netty-transport-classes-epoll\4.1.97.Final\795da37ded759e862457a82d9d92c4d39ce8ecee\netty-transport-classes-epoll-4.1.97.Final.jar to classpath.
[18:58:44] [main/DEBUG] (FabricLoader/Knot) Adding C:\Users\user\.gradle\caches\modules-2\files-2.1\io.netty\netty-transport-native-unix-common\4.1.97.Final\d469d84265ab70095b01b40886cabdd433b6e664\netty-transport-native-unix-common-4.1.97.Final.jar to classpath.
[18:58:44] [main/DEBUG] (FabricLoader/Knot) Adding C:\Users\user\.gradle\caches\modules-2\files-2.1\io.netty\netty-transport\4.1.97.Final\f37380d23c9bb079bc702910833b2fd532c9abd0\netty-transport-4.1.97.Final.jar to classpath.
[18:58:44] [main/DEBUG] (FabricLoader/Knot) Adding C:\Users\user\.gradle\caches\modules-2\files-2.1\it.unimi.dsi\fastutil\8.5.12\c24946d46824bd528054bface3231d2ecb7e95e8\fastutil-8.5.12.jar to classpath.
[18:58:44] [main/DEBUG] (FabricLoader/Knot) Adding C:\Users\user\.gradle\caches\modules-2\files-2.1\net.java.dev.jna\jna-platform\5.13.0\88e9a306715e9379f3122415ef4ae759a352640d\jna-platform-5.13.0.jar to classpath.
[18:58:44] [main/DEBUG] (FabricLoader/Knot) Adding C:\Users\user\.gradle\caches\modules-2\files-2.1\net.java.dev.jna\jna\5.13.0\1200e7ebeedbe0d10062093f32925a912020e747\jna-5.13.0.jar to classpath.
[18:58:44] [main/DEBUG] (FabricLoader/Knot) Adding C:\Users\user\.gradle\caches\modules-2\files-2.1\net.sf.jopt-simple\jopt-simple\5.0.4\4fdac2fbe92dfad86aa6e9301736f6b4342a3f5c\jopt-simple-5.0.4.jar to classpath.
[18:58:44] [main/DEBUG] (FabricLoader/Knot) Adding C:\Users\user\.gradle\caches\modules-2\files-2.1\org.apache.commons\commons-lang3\3.13.0\b7263237aa89c1f99b327197c41d0669707a462e\commons-lang3-3.13.0.jar to classpath.
[18:58:44] [main/DEBUG] (FabricLoader/Knot) Adding C:\Users\user\.gradle\caches\modules-2\files-2.1\org.joml\joml\1.10.5\22566d58af70ad3d72308bab63b8339906deb649\joml-1.10.5.jar to classpath.
[18:58:44] [main/DEBUG] (FabricLoader/Knot) Adding C:\Users\user\.gradle\caches\modules-2\files-2.1\org.lwjgl\lwjgl-glfw\3.3.2\1251e3cb7e5d6159334cfb9244f789ce992f03b\lwjgl-glfw-3.3.2-natives-windows.jar to classpath.
[18:58:44] [main/DEBUG] (FabricLoader/Knot) Adding C:\Users\user\.gradle\caches\modules-2\files-2.1\org.lwjgl\lwjgl-glfw\3.3.2\e79c4857a887bd79ba78bdf2d422a7d333028a2d\lwjgl-glfw-3.3.2-natives-windows-arm64.jar to classpath.
[18:58:44] [main/DEBUG] (FabricLoader/Knot) Adding C:\Users\user\.gradle\caches\modules-2\files-2.1\org.lwjgl\lwjgl-glfw\3.3.2\17e1f9ec031ef72c2f7825c38eeb3a79c4d8bb17\lwjgl-glfw-3.3.2-natives-windows-x86.jar to classpath.
[18:58:44] [main/DEBUG] (FabricLoader/Knot) Adding C:\Users\user\.gradle\caches\modules-2\files-2.1\org.lwjgl\lwjgl-jemalloc\3.3.2\db886c1f9e313c3fa2a25543b99ccd250d3f9fb5\lwjgl-jemalloc-3.3.2-natives-windows.jar to classpath.
[18:58:44] [main/DEBUG] (FabricLoader/Knot) Adding C:\Users\user\.gradle\caches\modules-2\files-2.1\org.lwjgl\lwjgl-jemalloc\3.3.2\598790de603c286dbc4068b27829eacc37592786\lwjgl-jemalloc-3.3.2-natives-windows-arm64.jar to classpath.
[18:58:44] [main/DEBUG] (FabricLoader/Knot) Adding C:\Users\user\.gradle\caches\modules-2\files-2.1\org.lwjgl\lwjgl-jemalloc\3.3.2\9b07558f81a5d54dfaeb861bab3ccc86bb4477c9\lwjgl-jemalloc-3.3.2-natives-windows-x86.jar to classpath.
[18:58:44] [main/DEBUG] (FabricLoader/Knot) Adding C:\Users\user\.gradle\caches\modules-2\files-2.1\org.lwjgl\lwjgl-openal\3.3.2\e74f299a602192faaf14b917632e4cbbb493c940\lwjgl-openal-3.3.2-natives-windows.jar to classpath.
[18:58:44] [main/DEBUG] (FabricLoader/Knot) Adding C:\Users\user\.gradle\caches\modules-2\files-2.1\org.lwjgl\lwjgl-openal\3.3.2\545ddec7959007a78b6662d616e00dacf00e1c29\lwjgl-openal-3.3.2-natives-windows-arm64.jar to classpath.
[18:58:44] [main/DEBUG] (FabricLoader/Knot) Adding C:\Users\user\.gradle\caches\modules-2\files-2.1\org.lwjgl\lwjgl-openal\3.3.2\21fcb44d32ccf101017ec939fc740197677557d5\lwjgl-openal-3.3.2-natives-windows-x86.jar to classpath.
[18:58:44] [main/DEBUG] (FabricLoader/Knot) Adding C:\Users\user\.gradle\caches\modules-2\files-2.1\org.lwjgl\lwjgl-opengl\3.3.2\83cd34469d4e0bc335bf74c7f62206530a9480bf\lwjgl-opengl-3.3.2-natives-windows.jar to classpath.
[18:58:44] [main/DEBUG] (FabricLoader/Knot) Adding C:\Users\user\.gradle\caches\modules-2\files-2.1\org.lwjgl\lwjgl-opengl\3.3.2\21df035bf03dbf5001f92291b24dc951da513481\lwjgl-opengl-3.3.2-natives-windows-arm64.jar to classpath.
[18:58:44] [main/DEBUG] (FabricLoader/Knot) Adding C:\Users\user\.gradle\caches\modules-2\files-2.1\org.lwjgl\lwjgl-opengl\3.3.2\22fa4149159154b24f6c1bd46a342d4958a9fba1\lwjgl-opengl-3.3.2-natives-windows-x86.jar to classpath.
[18:58:44] [main/DEBUG] (FabricLoader/Knot) Adding C:\Users\user\.gradle\caches\modules-2\files-2.1\org.lwjgl\lwjgl-stb\3.3.2\1c4f4b8353bdb78c5264ab921436f03fc9aa1ba5\lwjgl-stb-3.3.2-natives-windows.jar to classpath.
[18:58:44] [main/DEBUG] (FabricLoader/Knot) Adding C:\Users\user\.gradle\caches\modules-2\files-2.1\org.lwjgl\lwjgl-stb\3.3.2\c29df97c3cca97dc00d34e171936153764c9f78b\lwjgl-stb-3.3.2-natives-windows-arm64.jar to classpath.
[18:58:44] [main/DEBUG] (FabricLoader/Knot) Adding C:\Users\user\.gradle\caches\modules-2\files-2.1\org.lwjgl\lwjgl-stb\3.3.2\a0de7bde6722fa68d25ba6afbd7395508c53c730\lwjgl-stb-3.3.2-natives-windows-x86.jar to classpath.
[18:58:44] [main/DEBUG] (FabricLoader/Knot) Adding C:\Users\user\.gradle\caches\modules-2\files-2.1\org.lwjgl\lwjgl-tinyfd\3.3.2\54a93ed247d20007a6f579355263fdc2c030753a\lwjgl-tinyfd-3.3.2-natives-windows.jar to classpath.
[18:58:44] [main/DEBUG] (FabricLoader/Knot) Adding C:\Users\user\.gradle\caches\modules-2\files-2.1\org.lwjgl\lwjgl-tinyfd\3.3.2\500f5daa3b731ca282d4b90aeafda94c528d3e27\lwjgl-tinyfd-3.3.2-natives-windows-arm64.jar to classpath.
[18:58:44] [main/DEBUG] (FabricLoader/Knot) Adding C:\Users\user\.gradle\caches\modules-2\files-2.1\org.lwjgl\lwjgl-tinyfd\3.3.2\c1dfa1c438e0262453e7bf625289540e5cbffb2\lwjgl-tinyfd-3.3.2-natives-windows-x86.jar to classpath.
[18:58:44] [main/DEBUG] (FabricLoader/Knot) Adding C:\Users\user\.gradle\caches\modules-2\files-2.1\org.lwjgl\lwjgl\3.3.2\a55169ced70ffcd15f2162daf4a9c968578f6cd5\lwjgl-3.3.2-natives-windows.jar to classpath.
[18:58:44] [main/DEBUG] (FabricLoader/Knot) Adding C:\Users\user\.gradle\caches\modules-2\files-2.1\org.lwjgl\lwjgl\3.3.2\d900e4678449ba97ff46fa64b22e0376bf8cd00e\lwjgl-3.3.2-natives-windows-arm64.jar to classpath.
[18:58:44] [main/DEBUG] (FabricLoader/Knot) Adding C:\Users\user\.gradle\caches\modules-2\files-2.1\org.lwjgl\lwjgl\3.3.2\ed495259b2c8f068794da0ffedfa7ae7c130b3c5\lwjgl-3.3.2-natives-windows-x86.jar to classpath.
[18:58:44] [main/DEBUG] (FabricLoader/Knot) Adding C:\Users\user\.gradle\caches\modules-2\files-2.1\io.netty\netty-transport-native-epoll\4.1.97.Final\54188f271e388e7f313aea995e82f58ce2cdb809\netty-transport-native-epoll-4.1.97.Final-linux-x86_64.jar to classpath.
[18:58:44] [main/DEBUG] (FabricLoader/Knot) Adding C:\Users\user\.gradle\caches\modules-2\files-2.1\io.netty\netty-transport-native-epoll\4.1.97.Final\5514744c588190ffda076b35a9b8c9f24946a960\netty-transport-native-epoll-4.1.97.Final-linux-aarch_64.jar to classpath.
[18:58:44] [main/DEBUG] (FabricLoader/Knot) Adding C:\Users\user\Desktop\aaa\liftbatch\.gradle\loom-cache\remapped_mods\net_fabricmc_yarn_1_20_4_1_20_4_build_3_v2\net\fabricmc\fabric-api\fabric-api\0.97.3+1.20.4\fabric-api-0.97.3+1.20.4.jar to classpath.
[18:58:44] [main/DEBUG] (FabricLoader/Knot) Adding C:\Users\user\Desktop\aaa\liftbatch\.gradle\loom-cache\remapped_mods\net_fabricmc_yarn_1_20_4_1_20_4_build_3_v2\maven\modrinth\mtr\4.0.5\mtr-4.0.5.jar to classpath.
[18:58:44] [main/DEBUG] (FabricLoader/Knot) Adding C:\Users\user\Desktop\aaa\liftbatch\.gradle\loom-cache\remapped_mods\net_fabricmc_yarn_1_20_4_1_20_4_build_3_v2\net\fabricmc\fabric-api\fabric-transfer-api-v1\4.0.12+90f2d7b14f\fabric-transfer-api-v1-4.0.12+90f2d7b14f.jar to classpath.
[18:58:44] [main/DEBUG] (FabricLoader/Knot) Adding C:\Users\user\Desktop\aaa\liftbatch\.gradle\loom-cache\remapped_mods\net_fabricmc_yarn_1_20_4_1_20_4_build_3_v2\net\fabricmc\fabric-api\fabric-api-lookup-api-v1\1.6.50+82b1bb3e4f\fabric-api-lookup-api-v1-1.6.50+82b1bb3e4f.jar to classpath.
[18:58:44] [main/DEBUG] (FabricLoader/Knot) Adding C:\Users\user\Desktop\aaa\liftbatch\.gradle\loom-cache\remapped_mods\net_fabricmc_yarn_1_20_4_1_20_4_build_3_v2\net\fabricmc\fabric-api\fabric-blockrenderlayer-v1\1.1.47+78d798af4f\fabric-blockrenderlayer-v1-1.1.47+78d798af4f.jar to classpath.
[18:58:44] [main/DEBUG] (FabricLoader/Knot) Adding C:\Users\user\Desktop\aaa\liftbatch\.gradle\loom-cache\remapped_mods\net_fabricmc_yarn_1_20_4_1_20_4_build_3_v2\net\fabricmc\fabric-api\fabric-client-tags-api-v1\1.1.8+78d798af4f\fabric-client-tags-api-v1-1.1.8+78d798af4f.jar to classpath.
[18:58:44] [main/DEBUG] (FabricLoader/Knot) Adding C:\Users\user\Desktop\aaa\liftbatch\.gradle\loom-cache\remapped_mods\net_fabricmc_yarn_1_20_4_1_20_4_build_3_v2\net\fabricmc\fabric-api\fabric-command-api-v1\1.2.42+f71b366f4f\fabric-command-api-v1-1.2.42+f71b366f4f.jar to classpath.
[18:58:44] [main/DEBUG] (FabricLoader/Knot) Adding C:\Users\user\Desktop\aaa\liftbatch\.gradle\loom-cache\remapped_mods\net_fabricmc_yarn_1_20_4_1_20_4_build_3_v2\net\fabricmc\fabric-api\fabric-commands-v0\0.2.59+df3654b34f\fabric-commands-v0-0.2.59+df3654b34f.jar to classpath.
[18:58:44] [main/DEBUG] (FabricLoader/Knot) Adding C:\Users\user\Desktop\aaa\liftbatch\.gradle\loom-cache\remapped_mods\net_fabricmc_yarn_1_20_4_1_20_4_build_3_v2\net\fabricmc\fabric-api\fabric-command-api-v2\2.2.21+78d798af4f\fabric-command-api-v2-2.2.21+78d798af4f.jar to classpath.
[18:58:44] [main/DEBUG] (FabricLoader/Knot) Adding C:\Users\user\Desktop\aaa\liftbatch\.gradle\loom-cache\remapped_mods\net_fabricmc_yarn_1_20_4_1_20_4_build_3_v2\net\fabricmc\fabric-api\fabric-content-registries-v0\5.0.16+78d798af4f\fabric-content-registries-v0-5.0.16+78d798af4f.jar to classpath.
[18:58:44] [main/DEBUG] (FabricLoader/Knot) Adding C:\Users\user\Desktop\aaa\liftbatch\.gradle\loom-cache\remapped_mods\net_fabricmc_yarn_1_20_4_1_20_4_build_3_v2\net\fabricmc\fabric-api\fabric-convention-tags-v1\1.5.11+78d798af4f\fabric-convention-tags-v1-1.5.11+78d798af4f.jar to classpath.
[18:58:44] [main/DEBUG] (FabricLoader/Knot) Adding C:\Users\user\Desktop\aaa\liftbatch\.gradle\loom-cache\remapped_mods\net_fabricmc_yarn_1_20_4_1_20_4_build_3_v2\net\fabricmc\fabric-api\fabric-data-attachment-api-v1\1.1.5+b90db5744f\fabric-data-attachment-api-v1-1.1.5+b90db5744f.jar to classpath.
[18:58:44] [main/DEBUG] (FabricLoader/Knot) Adding C:\Users\user\Desktop\aaa\liftbatch\.gradle\loom-cache\remapped_mods\net_fabricmc_yarn_1_20_4_1_20_4_build_3_v2\net\fabricmc\fabric-api\fabric-data-generation-api-v1\13.2.6+5c0133444f\fabric-data-generation-api-v1-13.2.6+5c0133444f.jar to classpath.
[18:58:44] [main/DEBUG] (FabricLoader/Knot) Adding C:\Users\user\Desktop\aaa\liftbatch\.gradle\loom-cache\remapped_mods\net_fabricmc_yarn_1_20_4_1_20_4_build_3_v2\net\fabricmc\fabric-api\fabric-dimensions-v1\2.1.63+6605d1a84f\fabric-dimensions-v1-2.1.63+6605d1a84f.jar to classpath.
[18:58:44] [main/DEBUG] (FabricLoader/Knot) Adding C:\Users\user\Desktop\aaa\liftbatch\.gradle\loom-cache\remapped_mods\net_fabricmc_yarn_1_20_4_1_20_4_build_3_v2\net\fabricmc\fabric-api\fabric-entity-events-v1\1.6.2+09fc25014f\fabric-entity-events-v1-1.6.2+09fc25014f.jar to classpath.
[18:58:44] [main/DEBUG] (FabricLoader/Knot) Adding C:\Users\user\Desktop\aaa\liftbatch\.gradle\loom-cache\remapped_mods\net_fabricmc_yarn_1_20_4_1_20_4_build_3_v2\net\fabricmc\fabric-api\fabric-events-interaction-v0\0.7.2+389931eb4f\fabric-events-interaction-v0-0.7.2+389931eb4f.jar to classpath.
[18:58:44] [main/DEBUG] (FabricLoader/Knot) Adding C:\Users\user\Desktop\aaa\liftbatch\.gradle\loom-cache\remapped_mods\net_fabricmc_yarn_1_20_4_1_20_4_build_3_v2\net\fabricmc\fabric-api\fabric-gametest-api-v1\1.3.6+85d85a934f\fabric-gametest-api-v1-1.3.6+85d85a934f.jar to classpath.
[18:58:44] [main/DEBUG] (FabricLoader/Knot) Adding C:\Users\user\Desktop\aaa\liftbatch\.gradle\loom-cache\remapped_mods\net_fabricmc_yarn_1_20_4_1_20_4_build_3_v2\net\fabricmc\fabric-api\fabric-events-lifecycle-v0\0.2.76+df3654b34f\fabric-events-lifecycle-v0-0.2.76+df3654b34f.jar to classpath.
[18:58:44] [main/DEBUG] (FabricLoader/Knot) Adding C:\Users\user\Desktop\aaa\liftbatch\.gradle\loom-cache\remapped_mods\net_fabricmc_yarn_1_20_4_1_20_4_build_3_v2\net\fabricmc\fabric-api\fabric-item-api-v1\2.3.1+cadc140c4f\fabric-item-api-v1-2.3.1+cadc140c4f.jar to classpath.
[18:58:44] [main/DEBUG] (FabricLoader/Knot) Adding C:\Users\user\Desktop\aaa\liftbatch\.gradle\loom-cache\remapped_mods\net_fabricmc_yarn_1_20_4_1_20_4_build_3_v2\net\fabricmc\fabric-api\fabric-item-group-api-v1\4.0.27+ee30b13a4f\fabric-item-group-api-v1-4.0.27+ee30b13a4f.jar to classpath.
[18:58:44] [main/DEBUG] (FabricLoader/Knot) Adding C:\Users\user\Desktop\aaa\liftbatch\.gradle\loom-cache\remapped_mods\net_fabricmc_yarn_1_20_4_1_20_4_build_3_v2\net\fabricmc\fabric-api\fabric-mining-level-api-v1\2.1.66+78d798af4f\fabric-mining-level-api-v1-2.1.66+78d798af4f.jar to classpath.
[18:58:44] [main/DEBUG] (FabricLoader/Knot) Adding C:\Users\user\Desktop\aaa\liftbatch\.gradle\loom-cache\remapped_mods\net_fabricmc_yarn_1_20_4_1_20_4_build_3_v2\net\fabricmc\fabric-api\fabric-lifecycle-events-v1\2.3.1+a67ffb5d4f\fabric-lifecycle-events-v1-2.3.1+a67ffb5d4f.jar to classpath.
[18:58:44] [main/DEBUG] (FabricLoader/Knot) Adding C:\Users\user\Desktop\aaa\liftbatch\.gradle\loom-cache\remapped_mods\net_fabricmc_yarn_1_20_4_1_20_4_build_3_v2\net\fabricmc\fabric-api\fabric-loot-api-v2\2.1.10+78d798af4f\fabric-loot-api-v2-2.1.10+78d798af4f.jar to classpath.
[18:58:44] [main/DEBUG] (FabricLoader/Knot) Adding C:\Users\user\Desktop\aaa\liftbatch\.gradle\loom-cache\remapped_mods\net_fabricmc_yarn_1_20_4_1_20_4_build_3_v2\net\fabricmc\fabric-api\fabric-message-api-v1\6.0.6+78d798af4f\fabric-message-api-v1-6.0.6+78d798af4f.jar to classpath.
[18:58:44] [main/DEBUG] (FabricLoader/Knot) Adding C:\Users\user\Desktop\aaa\liftbatch\.gradle\loom-cache\remapped_mods\net_fabricmc_yarn_1_20_4_1_20_4_build_3_v2\net\fabricmc\fabric-api\fabric-models-v0\0.4.8+9386d8a74f\fabric-models-v0-0.4.8+9386d8a74f.jar to classpath.
[18:58:44] [main/DEBUG] (FabricLoader/Knot) Adding C:\Users\user\Desktop\aaa\liftbatch\.gradle\loom-cache\remapped_mods\net_fabricmc_yarn_1_20_4_1_20_4_build_3_v2\net\fabricmc\fabric-api\fabric-model-loading-api-v1\1.0.9+78d798af4f\fabric-model-loading-api-v1-1.0.9+78d798af4f.jar to classpath.
[18:58:44] [main/DEBUG] (FabricLoader/Knot) Adding C:\Users\user\Desktop\aaa\liftbatch\.gradle\loom-cache\remapped_mods\net_fabricmc_yarn_1_20_4_1_20_4_build_3_v2\net\fabricmc\fabric-api\fabric-recipe-api-v1\2.0.22+78d798af4f\fabric-recipe-api-v1-2.0.22+78d798af4f.jar to classpath.
[18:58:44] [main/DEBUG] (FabricLoader/Knot) Adding C:\Users\user\Desktop\aaa\liftbatch\.gradle\loom-cache\remapped_mods\net_fabricmc_yarn_1_20_4_1_20_4_build_3_v2\net\fabricmc\fabric-api\fabric-registry-sync-v0\4.0.21+ee30b13a4f\fabric-registry-sync-v0-4.0.21+ee30b13a4f.jar to classpath.
[18:58:44] [main/DEBUG] (FabricLoader/Knot) Adding C:\Users\user\Desktop\aaa\liftbatch\.gradle\loom-cache\remapped_mods\net_fabricmc_yarn_1_20_4_1_20_4_build_3_v2\net\fabricmc\fabric-api\fabric-screen-handler-api-v1\1.3.57+78d798af4f\fabric-screen-handler-api-v1-1.3.57+78d798af4f.jar to classpath.
[18:58:44] [main/DEBUG] (FabricLoader/Knot) Adding C:\Users\user\Desktop\aaa\liftbatch\.gradle\loom-cache\remapped_mods\net_fabricmc_yarn_1_20_4_1_20_4_build_3_v2\net\fabricmc\fabric-api\fabric-containers-v0\0.1.88+df3654b34f\fabric-containers-v0-0.1.88+df3654b34f.jar to classpath.
[18:58:44] [main/DEBUG] (FabricLoader/Knot) Adding C:\Users\user\Desktop\aaa\liftbatch\.gradle\loom-cache\remapped_mods\net_fabricmc_yarn_1_20_4_1_20_4_build_3_v2\net\fabricmc\fabric-api\fabric-networking-api-v1\3.1.9+6abb6a4b4f\fabric-networking-api-v1-3.1.9+6abb6a4b4f.jar to classpath.
[18:58:44] [main/DEBUG] (FabricLoader/Knot) Adding C:\Users\user\Desktop\aaa\liftbatch\.gradle\loom-cache\remapped_mods\net_fabricmc_yarn_1_20_4_1_20_4_build_3_v2\net\fabricmc\fabric-api\fabric-object-builder-api-v1\13.1.0+dba1195c4f\fabric-object-builder-api-v1-13.1.0+dba1195c4f.jar to classpath.
[18:58:44] [main/DEBUG] (FabricLoader/Knot) Adding C:\Users\user\Desktop\aaa\liftbatch\.gradle\loom-cache\remapped_mods\net_fabricmc_yarn_1_20_4_1_20_4_build_3_v2\net\fabricmc\fabric-api\fabric-particles-v1\1.1.8+78d798af4f\fabric-particles-v1-1.1.8+78d798af4f.jar to classpath.
[18:58:44] [main/DEBUG] (FabricLoader/Knot) Adding C:\Users\user\Desktop\aaa\liftbatch\.gradle\loom-cache\remapped_mods\net_fabricmc_yarn_1_20_4_1_20_4_build_3_v2\net\fabricmc\fabric-api\fabric-renderer-indigo\1.5.6+d331d3144f\fabric-renderer-indigo-1.5.6+d331d3144f.jar to classpath.
[18:58:44] [main/DEBUG] (FabricLoader/Knot) Adding C:\Users\user\Desktop\aaa\liftbatch\.gradle\loom-cache\remapped_mods\net_fabricmc_yarn_1_20_4_1_20_4_build_3_v2\net\fabricmc\fabric-api\fabric-renderer-api-v1\3.2.5+78d798af4f\fabric-renderer-api-v1-3.2.5+78d798af4f.jar to classpath.
[18:58:44] [main/DEBUG] (FabricLoader/Knot) Adding C:\Users\user\Desktop\aaa\liftbatch\.gradle\loom-cache\remapped_mods\net_fabricmc_yarn_1_20_4_1_20_4_build_3_v2\net\fabricmc\fabric-api\fabric-rendering-fluids-v1\3.1.2+e761c6694f\fabric-rendering-fluids-v1-3.1.2+e761c6694f.jar to classpath.
[18:58:44] [main/DEBUG] (FabricLoader/Knot) Adding C:\Users\user\Desktop\aaa\liftbatch\.gradle\loom-cache\remapped_mods\net_fabricmc_yarn_1_20_4_1_20_4_build_3_v2\net\fabricmc\fabric-api\fabric-renderer-registries-v1\3.2.54+df3654b34f\fabric-renderer-registries-v1-3.2.54+df3654b34f.jar to classpath.
[18:58:44] [main/DEBUG] (FabricLoader/Knot) Adding C:\Users\user\Desktop\aaa\liftbatch\.gradle\loom-cache\remapped_mods\net_fabricmc_yarn_1_20_4_1_20_4_build_3_v2\net\fabricmc\fabric-api\fabric-rendering-v0\1.1.57+df3654b34f\fabric-rendering-v0-1.1.57+df3654b34f.jar to classpath.
[18:58:44] [main/DEBUG] (FabricLoader/Knot) Adding C:\Users\user\Desktop\aaa\liftbatch\.gradle\loom-cache\remapped_mods\net_fabricmc_yarn_1_20_4_1_20_4_build_3_v2\net\fabricmc\fabric-api\fabric-rendering-v1\3.2.1+6fd945a04f\fabric-rendering-v1-3.2.1+6fd945a04f.jar to classpath.
[18:58:44] [main/DEBUG] (FabricLoader/Knot) Adding C:\Users\user\Desktop\aaa\liftbatch\.gradle\loom-cache\remapped_mods\net_fabricmc_yarn_1_20_4_1_20_4_build_3_v2\net\fabricmc\fabric-api\fabric-screen-api-v1\2.0.18+78d798af4f\fabric-screen-api-v1-2.0.18+78d798af4f.jar to classpath.
[18:58:44] [main/DEBUG] (FabricLoader/Knot) Adding C:\Users\user\Desktop\aaa\liftbatch\.gradle\loom-cache\remapped_mods\net_fabricmc_yarn_1_20_4_1_20_4_build_3_v2\net\fabricmc\fabric-api\fabric-api-base\0.4.37+78d798af4f\fabric-api-base-0.4.37+78d798af4f.jar to classpath.
[18:58:44] [main/DEBUG] (FabricLoader/Knot) Adding C:\Users\user\Desktop\aaa\liftbatch\.gradle\loom-cache\remapped_mods\net_fabricmc_yarn_1_20_4_1_20_4_build_3_v2\net\fabricmc\fabric-api\fabric-biome-api-v1\13.0.17+78d798af4f\fabric-biome-api-v1-13.0.17+78d798af4f.jar to classpath.
[18:58:44] [main/DEBUG] (FabricLoader/Knot) Adding C:\Users\user\Desktop\aaa\liftbatch\.gradle\loom-cache\remapped_mods\net_fabricmc_yarn_1_20_4_1_20_4_build_3_v2\net\fabricmc\fabric-api\fabric-block-api-v1\1.0.17+3e2216cb4f\fabric-block-api-v1-1.0.17+3e2216cb4f.jar to classpath.
[18:58:44] [main/DEBUG] (FabricLoader/Knot) Adding C:\Users\user\Desktop\aaa\liftbatch\.gradle\loom-cache\remapped_mods\net_fabricmc_yarn_1_20_4_1_20_4_build_3_v2\net\fabricmc\fabric-api\fabric-rendering-data-attachment-v1\0.3.43+73761d2e4f\fabric-rendering-data-attachment-v1-0.3.43+73761d2e4f.jar to classpath.
[18:58:44] [main/DEBUG] (FabricLoader/Knot) Adding C:\Users\user\Desktop\aaa\liftbatch\.gradle\loom-cache\remapped_mods\net_fabricmc_yarn_1_20_4_1_20_4_build_3_v2\net\fabricmc\fabric-api\fabric-block-view-api-v2\1.0.5+78d798af4f\fabric-block-view-api-v2-1.0.5+78d798af4f.jar to classpath.
[18:58:44] [main/DEBUG] (FabricLoader/Knot) Adding C:\Users\user\Desktop\aaa\liftbatch\.gradle\loom-cache\remapped_mods\net_fabricmc_yarn_1_20_4_1_20_4_build_3_v2\net\fabricmc\fabric-api\fabric-crash-report-info-v1\0.2.24+78d798af4f\fabric-crash-report-info-v1-0.2.24+78d798af4f.jar to classpath.
[18:58:44] [main/DEBUG] (FabricLoader/Knot) Adding C:\Users\user\Desktop\aaa\liftbatch\.gradle\loom-cache\remapped_mods\net_fabricmc_yarn_1_20_4_1_20_4_build_3_v2\net\fabricmc\fabric-api\fabric-game-rule-api-v1\1.0.47+78d798af4f\fabric-game-rule-api-v1-1.0.47+78d798af4f.jar to classpath.
[18:58:44] [main/DEBUG] (FabricLoader/Knot) Adding C:\Users\user\Desktop\aaa\liftbatch\.gradle\loom-cache\remapped_mods\net_fabricmc_yarn_1_20_4_1_20_4_build_3_v2\net\fabricmc\fabric-api\fabric-keybindings-v0\0.2.40+df3654b34f\fabric-keybindings-v0-0.2.40+df3654b34f.jar to classpath.
[18:58:44] [main/DEBUG] (FabricLoader/Knot) Adding C:\Users\user\Desktop\aaa\liftbatch\.gradle\loom-cache\remapped_mods\net_fabricmc_yarn_1_20_4_1_20_4_build_3_v2\net\fabricmc\fabric-api\fabric-key-binding-api-v1\1.0.42+78d798af4f\fabric-key-binding-api-v1-1.0.42+78d798af4f.jar to classpath.
[18:58:44] [main/DEBUG] (FabricLoader/Knot) Adding C:\Users\user\Desktop\aaa\liftbatch\.gradle\loom-cache\remapped_mods\net_fabricmc_yarn_1_20_4_1_20_4_build_3_v2\net\fabricmc\fabric-api\fabric-resource-conditions-api-v1\2.3.15+78d798af4f\fabric-resource-conditions-api-v1-2.3.15+78d798af4f.jar to classpath.
[18:58:44] [main/DEBUG] (FabricLoader/Knot) Adding C:\Users\user\Desktop\aaa\liftbatch\.gradle\loom-cache\remapped_mods\net_fabricmc_yarn_1_20_4_1_20_4_build_3_v2\net\fabricmc\fabric-api\fabric-resource-loader-v0\0.11.21+ee30b13a4f\fabric-resource-loader-v0-0.11.21+ee30b13a4f.jar to classpath.
[18:58:44] [main/DEBUG] (FabricLoader/Knot) Adding C:\Users\user\Desktop\aaa\liftbatch\.gradle\loom-cache\remapped_mods\net_fabricmc_yarn_1_20_4_1_20_4_build_3_v2\net\fabricmc\fabric-api\fabric-sound-api-v1\1.0.18+78d798af4f\fabric-sound-api-v1-1.0.18+78d798af4f.jar to classpath.
[18:58:44] [main/DEBUG] (FabricLoader/Knot) Adding C:\Users\user\Desktop\aaa\liftbatch\.gradle\loom-cache\remapped_mods\net_fabricmc_yarn_1_20_4_1_20_4_build_3_v2\net\fabricmc\fabric-api\fabric-transitive-access-wideners-v1\5.0.15+78d798af4f\fabric-transitive-access-wideners-v1-5.0.15+78d798af4f.jar to classpath.
[18:58:44] [main/DEBUG] (FabricLoader/Knot) Adding C:\Users\user\.gradle\caches\modules-2\files-2.1\org.jline\jline-reader\3.20.0\8f15415b022a25b473e8e16c28ae913186ffb9c4\jline-reader-3.20.0.jar to classpath.
[18:58:44] [main/DEBUG] (FabricLoader/Knot) Adding C:\Users\user\.gradle\caches\modules-2\files-2.1\org.jline\jline-terminal\3.20.0\d0ddcc708ddf527a3454c941b7b9225cc83a15ff\jline-terminal-3.20.0.jar to classpath.
[18:58:44] [main/DEBUG] (FabricLoader/Entrypoint) No subscribers for entrypoint 'preLaunch'
[18:58:44] [main/DEBUG] (FabricLoader/Mixin) Preparing mixins for MixinEnvironment[DEFAULT]
[18:58:44] [main/DEBUG] (FabricLoader/Mixin) Selecting config fabric-message-api-v1.mixins.json
[18:58:44] [main/DEBUG] (FabricLoader/Mixin) Remapping refMap fabric-message-api-v1-refmap.json using remapper chain
[18:58:44] [main/DEBUG] (FabricLoader/Mixin) Selecting config mtr.mixins.json
[18:58:44] [main/DEBUG] (FabricLoader/Mixin) Remapping refMap mtr.refmap.json using remapper chain
[18:58:44] [main/DEBUG] (FabricLoader/Mixin) Selecting config fabric-game-rule-api-v1.mixins.json
[18:58:44] [main/DEBUG] (FabricLoader/Mixin) Remapping refMap fabric-game-rule-api-v1-refmap.json using remapper chain
[18:58:44] [main/DEBUG] (FabricLoader/Mixin) Selecting config fabric-item-group-api-v1.mixins.json
[18:58:44] [main/DEBUG] (FabricLoader/Mixin) Remapping refMap fabric-item-group-api-v1-refmap.json using remapper chain
[18:58:44] [main/DEBUG] (FabricLoader/Mixin) Selecting config fabric-gametest-api-v1.mixins.json
[18:58:44] [main/DEBUG] (FabricLoader/Mixin) Remapping refMap fabric-gametest-api-v1-refmap.json using remapper chain
[18:58:44] [main/DEBUG] (FabricLoader/Mixin) Selecting config fabric-content-registries-v0.mixins.json
[18:58:44] [main/DEBUG] (FabricLoader/Mixin) Remapping refMap fabric-content-registries-v0-refmap.json using remapper chain
[18:58:44] [main/DEBUG] (FabricLoader/Mixin) Selecting config fabric-block-view-api-v2.mixins.json
[18:58:44] [main/DEBUG] (FabricLoader/Mixin) Remapping refMap fabric-block-view-api-v2-refmap.json using remapper chain
[18:58:44] [main/DEBUG] (FabricLoader/Mixin) Selecting config fabric-containers-v0.mixins.json
[18:58:44] [main/DEBUG] (FabricLoader/Mixin) Remapping refMap fabric-containers-v0-refmap.json using remapper chain
[18:58:44] [main/DEBUG] (FabricLoader/Mixin) Selecting config fabric-containers-v0.accurate.mixins.json
[18:58:44] [main/DEBUG] (FabricLoader/Mixin) Remapping refMap fabric-containers-v0-refmap.json using remapper chain
[18:58:44] [main/DEBUG] (FabricLoader/Mixin) Selecting config liftbatch.mixins.json
[18:58:44] [main/DEBUG] (FabricLoader/Mixin) Selecting config fabric-registry-sync-v0.mixins.json
[18:58:44] [main/DEBUG] (FabricLoader/Mixin) Remapping refMap fabric-registry-sync-v0-refmap.json using remapper chain
[18:58:44] [main/DEBUG] (FabricLoader/Mixin) Selecting config fabric-rendering-data-attachment-v1.mixins.json
[18:58:44] [main/DEBUG] (FabricLoader/Mixin) Remapping refMap fabric-rendering-data-attachment-v1-refmap.json using remapper chain
[18:58:44] [main/DEBUG] (FabricLoader/Mixin) Selecting config fabric-events-interaction-v0.mixins.json
[18:58:44] [main/DEBUG] (FabricLoader/Mixin) Remapping refMap fabric-events-interaction-v0-refmap.json using remapper chain
[18:58:44] [main/DEBUG] (FabricLoader/Mixin) Selecting config fabric-mining-level-api-v1.mixins.json
[18:58:44] [main/DEBUG] (FabricLoader/Mixin) Remapping refMap fabric-mining-level-api-v1-refmap.json using remapper chain
[18:58:44] [main/DEBUG] (FabricLoader/Mixin) Selecting config fabric-dimensions-v1.mixins.json
[18:58:44] [main/DEBUG] (FabricLoader/Mixin) Remapping refMap fabric-dimensions-v1-refmap.json using remapper chain
[18:58:44] [main/DEBUG] (FabricLoader/Mixin) Selecting config fabric-entity-events-v1.mixins.json
[18:58:44] [main/DEBUG] (FabricLoader/Mixin) Remapping refMap fabric-entity-events-v1-refmap.json using remapper chain
[18:58:44] [main/DEBUG] (FabricLoader/Mixin) Selecting config fabric-networking-api-v1.mixins.json
[18:58:44] [main/DEBUG] (FabricLoader/Mixin) Remapping refMap fabric-networking-api-v1-refmap.json using remapper chain
[18:58:44] [main/DEBUG] (FabricLoader/Mixin) Selecting config fabric-data-generation-api-v1.mixins.json
[18:58:44] [main/DEBUG] (FabricLoader/Mixin) Remapping refMap fabric-data-generation-api-v1-refmap.json using remapper chain
[18:58:44] [main/DEBUG] (FabricLoader/Mixin) Selecting config fabric-recipe-api-v1.mixins.json
[18:58:44] [main/DEBUG] (FabricLoader/Mixin) Remapping refMap fabric-recipe-api-v1-refmap.json using remapper chain
[18:58:44] [main/DEBUG] (FabricLoader/Mixin) Selecting config fabric-object-builder-v1.mixins.json
[18:58:44] [main/DEBUG] (FabricLoader/Mixin) Remapping refMap fabric-object-builder-api-v1-refmap.json using remapper chain
[18:58:44] [main/DEBUG] (FabricLoader/Mixin) Selecting config fabric-lifecycle-events-v1.mixins.json
[18:58:44] [main/DEBUG] (FabricLoader/Mixin) Remapping refMap fabric-lifecycle-events-v1-refmap.json using remapper chain
[18:58:44] [main/DEBUG] (FabricLoader/Mixin) Selecting config fabric-item-api-v1.mixins.json
[18:58:44] [main/DEBUG] (FabricLoader/Mixin) Remapping refMap fabric-item-api-v1-refmap.json using remapper chain
[18:58:44] [main/DEBUG] (FabricLoader/Mixin) Selecting config fabric-loot-api-v2.mixins.json
[18:58:44] [main/DEBUG] (FabricLoader/Mixin) Remapping refMap fabric-loot-api-v2-refmap.json using remapper chain
[18:58:44] [main/DEBUG] (FabricLoader/Mixin) Selecting config fabric-block-api-v1.mixins.json
[18:58:44] [main/DEBUG] (FabricLoader/Mixin) Remapping refMap fabric-block-api-v1-refmap.json using remapper chain
[18:58:44] [main/DEBUG] (FabricLoader/Mixin) Selecting config fabric-biome-api-v1.mixins.json
[18:58:44] [main/DEBUG] (FabricLoader/Mixin) Remapping refMap fabric-biome-api-v1-refmap.json using remapper chain
[18:58:44] [main/DEBUG] (FabricLoader/Mixin) Selecting config fabric-command-api-v2.mixins.json
[18:58:44] [main/DEBUG] (FabricLoader/Mixin) Remapping refMap fabric-command-api-v2-refmap.json using remapper chain
[18:58:44] [main/DEBUG] (FabricLoader/Mixin) Selecting config fabric-crash-report-info-v1.mixins.json
[18:58:44] [main/DEBUG] (FabricLoader/Mixin) Remapping refMap fabric-crash-report-info-v1-refmap.json using remapper chain
[18:58:44] [main/DEBUG] (FabricLoader/Mixin) Selecting config fabric-data-attachment-api-v1.mixins.json
[18:58:44] [main/DEBUG] (FabricLoader/Mixin) Remapping refMap fabric-data-attachment-api-v1-refmap.json using remapper chain
[18:58:44] [main/DEBUG] (FabricLoader/Mixin) Selecting config fabric-transfer-api-v1.mixins.json
[18:58:44] [main/DEBUG] (FabricLoader/Mixin) Remapping refMap fabric-transfer-api-v1-refmap.json using remapper chain
[18:58:44] [main/DEBUG] (FabricLoader/Mixin) Selecting config fabric-screen-handler-api-v1.mixins.json
[18:58:44] [main/DEBUG] (FabricLoader/Mixin) Remapping refMap fabric-screen-handler-api-v1-refmap.json using remapper chain
[18:58:44] [main/DEBUG] (FabricLoader/Mixin) Selecting config mixinextras.init.mixins.json
[18:58:44] [main/DEBUG] (FabricLoader/MixinExtras|Service) com.llamalad7.mixinextras.service.MixinExtrasServiceImpl(version=0.4.1) is taking over from null
[18:58:44] [main/DEBUG] (FabricLoader/Mixin) Registering new injector for @Inject with org.spongepowered.asm.mixin.injection.struct.CallbackInjectionInfo
[18:58:44] [main/DEBUG] (FabricLoader/Mixin) Registering new injector for @ModifyArg with org.spongepowered.asm.mixin.injection.struct.ModifyArgInjectionInfo
[18:58:44] [main/DEBUG] (FabricLoader/Mixin) Registering new injector for @ModifyArgs with org.spongepowered.asm.mixin.injection.struct.ModifyArgsInjectionInfo
[18:58:44] [main/DEBUG] (FabricLoader/Mixin) Registering new injector for @Redirect with org.spongepowered.asm.mixin.injection.struct.RedirectInjectionInfo
[18:58:44] [main/DEBUG] (FabricLoader/Mixin) Registering new injector for @ModifyVariable with org.spongepowered.asm.mixin.injection.struct.ModifyVariableInjectionInfo
[18:58:44] [main/DEBUG] (FabricLoader/Mixin) Registering new injector for @ModifyConstant with org.spongepowered.asm.mixin.injection.struct.ModifyConstantInjectionInfo
[18:58:44] [main/DEBUG] (FabricLoader/Mixin) Selecting config fabric-resource-loader-v0.mixins.json
[18:58:44] [main/DEBUG] (FabricLoader/Mixin) Remapping refMap fabric-resource-loader-v0-refmap.json using remapper chain
[18:58:44] [main/DEBUG] (FabricLoader/Mixin) Selecting config fabric-resource-conditions-api-v1.mixins.json
[18:58:44] [main/DEBUG] (FabricLoader/Mixin) Remapping refMap fabric-resource-conditions-api-v1-refmap.json using remapper chain
[18:58:44] [main/DEBUG] (FabricLoader/Mixin) Selecting config fabric-api-lookup-api-v1.mixins.json
[18:58:44] [main/DEBUG] (FabricLoader/Mixin) Remapping refMap fabric-api-lookup-api-v1-refmap.json using remapper chain
[18:58:44] [main/DEBUG] (FabricLoader/Mixin) Preparing fabric-message-api-v1.mixins.json (2)
[18:58:44] [main/DEBUG] (FabricLoader/Mixin) Preparing mtr.mixins.json (3)
[18:58:44] [main/DEBUG] (FabricLoader/Mixin) Preparing fabric-game-rule-api-v1.mixins.json (6)
[18:58:44] [main/DEBUG] (FabricLoader/Mixin) @Mixin target net/minecraft/server/command/GameRuleCommand$1 is public in fabric-game-rule-api-v1.mixins.json:GameRuleCommandVisitorMixin from mod fabric-game-rule-api-v1 and should be specified in value
[18:58:44] [main/DEBUG] (FabricLoader/Mixin) Preparing fabric-item-group-api-v1.mixins.json (3)
[18:58:44] [main/DEBUG] (FabricLoader/Mixin) Preparing fabric-gametest-api-v1.mixins.json (8)
[18:58:44] [main/DEBUG] (FabricLoader/Mixin) Preparing fabric-content-registries-v0.mixins.json (11)
[18:58:44] [main/DEBUG] (FabricLoader/Mixin) Preparing fabric-block-view-api-v2.mixins.json (2)
[18:58:44] [main/DEBUG] (FabricLoader/Mixin) Preparing fabric-containers-v0.mixins.json (1)
[18:58:44] [main/DEBUG] (FabricLoader/Mixin) Preparing fabric-containers-v0.accurate.mixins.json (1)
[18:58:44] [main/DEBUG] (FabricLoader/Mixin) Preparing liftbatch.mixins.json (2)
[18:58:44] [main/DEBUG] (FabricLoader/Mixin) Preparing fabric-registry-sync-v0.mixins.json (13)
[18:58:44] [main/DEBUG] (FabricLoader/Mixin) Preparing fabric-rendering-data-attachment-v1.mixins.json (2)
[18:58:44] [main/DEBUG] (FabricLoader/Mixin) Preparing fabric-events-interaction-v0.mixins.json (4)
[18:58:44] [main/DEBUG] (FabricLoader/Mixin) @Mixin target net/minecraft/server/network/ServerPlayNetworkHandler$1 is public in fabric-events-interaction-v0.mixins.json:ServerPlayNetworkHandlerMixin from mod fabric-events-interaction-v0 and should be specified in value
[18:58:44] [main/DEBUG] (FabricLoader/Mixin) Preparing fabric-mining-level-api-v1.mixins.json (3)
[18:58:44] [main/DEBUG] (FabricLoader/Mixin) Preparing fabric-dimensions-v1.mixins.json (5)
[18:58:44] [main/DEBUG] (FabricLoader/Mixin) Preparing fabric-entity-events-v1.mixins.json (12)
[18:58:44] [main/DEBUG] (FabricLoader/Mixin) Preparing fabric-networking-api-v1.mixins.json (17)
[18:58:44] [main/DEBUG] (FabricLoader/Mixin) @Mixin target net/minecraft/network/NetworkState$InternalPacketHandler is public in fabric-networking-api-v1.mixins.json:NetworkStateInternalPacketHandlerMixin from mod fabric-networking-api-v1 and should be specified in value
[18:58:44] [main/DEBUG] (FabricLoader/Mixin) @Mixin target net/minecraft/server/world/ThreadedAnvilChunkStorage$EntityTracker is public in fabric-networking-api-v1.mixins.json:accessor.EntityTrackerAccessor from mod fabric-networking-api-v1 and should be specified in value
[18:58:44] [main/DEBUG] (FabricLoader/Mixin) Preparing fabric-data-generation-api-v1.mixins.json (6)
[18:58:44] [main/DEBUG] (FabricLoader/Mixin) Preparing fabric-recipe-api-v1.mixins.json (3)
[18:58:44] [main/DEBUG] (FabricLoader/Mixin) Preparing fabric-object-builder-v1.mixins.json (10)
[18:58:44] [main/DEBUG] (FabricLoader/Mixin) Preparing fabric-lifecycle-events-v1.mixins.json (9)
[18:58:44] [main/DEBUG] (FabricLoader/Mixin) @Mixin target net/minecraft/server/world/ServerWorld$ServerEntityHandler is public in fabric-lifecycle-events-v1.mixins.json:ServerWorldServerEntityHandlerMixin from mod fabric-lifecycle-events-v1 and should be specified in value
[18:58:44] [main/DEBUG] (FabricLoader/Mixin) Preparing fabric-item-api-v1.mixins.json (18)
[18:58:44] [main/DEBUG] (FabricLoader/Mixin) Preparing fabric-loot-api-v2.mixins.json (5)
[18:58:44] [main/DEBUG] (FabricLoader/Mixin) Preparing fabric-block-api-v1.mixins.json (4)
[18:58:44] [main/DEBUG] (FabricLoader/Mixin) @Mixin target net/minecraft/world/chunk/ChunkSection$BlockStateCounter is public in fabric-block-api-v1.mixins.json:ChunkSectionBlockStateCounterMixin from mod fabric-block-api-v1 and should be specified in value
[18:58:44] [main/DEBUG] (FabricLoader/Mixin) Preparing fabric-biome-api-v1.mixins.json (9)
[18:58:44] [main/DEBUG] (FabricLoader/Mixin) @Mixin target net/minecraft/world/biome/source/MultiNoiseBiomeSourceParameterList$Preset$1 is public in fabric-biome-api-v1.mixins.json:NetherBiomePresetMixin from mod fabric-biome-api-v1 and should be specified in value
[18:58:44] [main/DEBUG] (FabricLoader/Mixin) Preparing fabric-command-api-v2.mixins.json (5)
[18:58:44] [main/DEBUG] (FabricLoader/Mixin) Preparing fabric-crash-report-info-v1.mixins.json (1)
[18:58:44] [main/DEBUG] (FabricLoader/Mixin) Preparing fabric-data-attachment-api-v1.mixins.json (8)
[18:58:44] [main/DEBUG] (FabricLoader/Mixin) Preparing fabric-transfer-api-v1.mixins.json (12)
[18:58:44] [main/DEBUG] (FabricLoader/Mixin) Preparing fabric-screen-handler-api-v1.mixins.json (2)
[18:58:44] [main/DEBUG] (FabricLoader/Mixin) Preparing mixinextras.init.mixins.json (0)
[18:58:44] [main/DEBUG] (FabricLoader/Mixin) Preparing fabric-resource-loader-v0.mixins.json (11)
[18:58:44] [main/DEBUG] (FabricLoader/Mixin) Preparing fabric-resource-conditions-api-v1.mixins.json (6)
[18:58:44] [main/DEBUG] (FabricLoader/Mixin) Preparing fabric-api-lookup-api-v1.mixins.json (2)
[18:58:44] [main/DEBUG] (FabricLoader/Mixin) Inner class net/fabricmc/fabric/mixin/itemgroup/ItemGroupsMixin$1ItemGroupPosition in net/fabricmc/fabric/mixin/itemgroup/ItemGroupsMixin on net/minecraft/item/ItemGroups gets unique name net/minecraft/item/ItemGroups$1ItemGroupPosition$52a9e5c329c74cbb817e7b08220c927a
[18:58:44] [main/DEBUG] (FabricLoader/Mixin) Inner class net/fabricmc/fabric/mixin/transfer/ChiseledBookshelfBlockEntityMixin$1 in net/fabricmc/fabric/mixin/transfer/ChiseledBookshelfBlockEntityMixin on net/minecraft/block/entity/ChiseledBookshelfBlockEntity gets unique name net/minecraft/block/entity/ChiseledBookshelfBlockEntity$Anonymous$287b59de110048758b15f5d850fea33a
[18:58:44] [main/DEBUG] (FabricLoader/Mixin) Prepared 204 mixins in 0.451 sec (2.2ms avg) (0ms load, 0ms transform, 0ms plugin)
[18:58:44] [main/INFO] (FabricLoader/MixinExtras|Service) Initializing MixinExtras via com.llamalad7.mixinextras.service.MixinExtrasServiceImpl(version=0.4.1).
[18:58:44] [main/DEBUG] (FabricLoader/Mixin) Registering new injector for @SugarWrapper with com.llamalad7.mixinextras.sugar.impl.SugarWrapperInjectionInfo
[18:58:44] [main/DEBUG] (FabricLoader/Mixin) Registering new injector for @FactoryRedirectWrapper with com.llamalad7.mixinextras.wrapper.factory.FactoryRedirectWrapperInjectionInfo
[18:58:44] [main/DEBUG] (FabricLoader/Mixin) Mixing server.MainMixin from fabric-gametest-api-v1.mixins.json into net.minecraft.server.Main
[18:58:45] [main/DEBUG] (FabricLoader/Mixin) Mixing server.MainMixin from fabric-data-generation-api-v1.mixins.json into net.minecraft.server.Main
[18:58:45] [main/DEBUG] (FabricLoader/Mixin) fabric-gametest-api-v1.mixins.json:server.MainMixin from mod fabric-gametest-api-v1->@Inject::main([Ljava/lang/String;Lorg/spongepowered/asm/mixin/injection/callback/CallbackInfo;)V does use it's CallbackInfo
[18:58:45] [main/DEBUG] (FabricLoader/Mixin) fabric-gametest-api-v1.mixins.json:server.MainMixin from mod fabric-gametest-api-v1->@Inject::exitOnError(Lorg/spongepowered/asm/mixin/injection/callback/CallbackInfo;)V doesn't use it's CallbackInfo
[18:58:45] [main/DEBUG] (FabricLoader/Mixin) fabric-data-generation-api-v1.mixins.json:server.MainMixin from mod fabric-data-generation-api-v1->@Inject::main([Ljava/lang/String;Lorg/spongepowered/asm/mixin/injection/callback/CallbackInfo;)V does use it's CallbackInfo
[18:58:45] [main/DEBUG] (io.netty.util.internal.logging.InternalLoggerFactory) Using SLF4J as the default logging framework
[18:58:45] [main/DEBUG] (io.netty.util.ResourceLeakDetector) -Dio.netty.leakDetection.level: simple
[18:58:45] [main/DEBUG] (io.netty.util.ResourceLeakDetector) -Dio.netty.leakDetection.targetRecords: 4
[18:58:45] [main/DEBUG] (FabricLoader/Mixin) Mixing SystemDetailsMixin from fabric-crash-report-info-v1.mixins.json into net.minecraft.util.SystemDetails
[18:58:45] [main/DEBUG] (FabricLoader/Mixin) Renaming synthetic method lambda$appendMods$1(Lnet/fabricmc/loader/api/ModContainer;)Ljava/lang/String; to md5fa9cc$fabric-crash-report-info-v1$lambda$appendMods$1$0 in fabric-crash-report-info-v1.mixins.json:SystemDetailsMixin from mod fabric-crash-report-info-v1
[18:58:45] [main/DEBUG] (FabricLoader/Mixin) Renaming synthetic method lambda$fillSystemDetails$0()Ljava/lang/String; to md5fa9cc$fabric-crash-report-info-v1$lambda$fillSystemDetails$0$1 in fabric-crash-report-info-v1.mixins.json:SystemDetailsMixin from mod fabric-crash-report-info-v1
[18:58:45] [main/DEBUG] (FabricLoader/Mixin) fabric-crash-report-info-v1.mixins.json:SystemDetailsMixin from mod fabric-crash-report-info-v1->@Inject::fillSystemDetails(Lorg/spongepowered/asm/mixin/injection/callback/CallbackInfo;)V doesn't use it's CallbackInfo
[18:58:45] [main/DEBUG] (FabricLoader/Mixin) fabric-crash-report-info-v1.mixins.json:SystemDetailsMixin from mod fabric-crash-report-info-v1->@Inject::fillSystemDetails(Lorg/spongepowered/asm/mixin/injection/callback/CallbackInfo;)V has 0 override(s) in child classes
[18:58:45] [main/DEBUG] (FabricLoader/Mixin) fabric-crash-report-info-v1.mixins.json:SystemDetailsMixin from mod fabric-crash-report-info-v1->@Inject::fillSystemDetails(Lorg/spongepowered/asm/mixin/injection/callback/CallbackInfo;)V won't be passed a CallbackInfo as a result
[18:58:46] [main/DEBUG] (FabricLoader/Mixin) Mixing BootstrapMixin from fabric-registry-sync-v0.mixins.json into net.minecraft.Bootstrap
[18:58:46] [main/DEBUG] (FabricLoader/Mixin) Renaming synthetic method lambda$initialize$1(Lnet/minecraft/fluid/Fluid;)Ljava/util/Collection; to md5fa9cc$fabric-registry-sync-v0$lambda$initialize$1$0 in fabric-registry-sync-v0.mixins.json:BootstrapMixin from mod fabric-registry-sync-v0
[18:58:46] [main/DEBUG] (FabricLoader/Mixin) Renaming synthetic method lambda$initialize$0(Lnet/minecraft/block/Block;)Ljava/util/Collection; to md5fa9cc$fabric-registry-sync-v0$lambda$initialize$0$1 in fabric-registry-sync-v0.mixins.json:BootstrapMixin from mod fabric-registry-sync-v0
[18:58:46] [main/DEBUG] (FabricLoader/Mixin) fabric-registry-sync-v0.mixins.json:BootstrapMixin from mod fabric-registry-sync-v0->@Inject::initialize(Lorg/spongepowered/asm/mixin/injection/callback/CallbackInfo;)V doesn't use it's CallbackInfo
[18:58:46] [main/DEBUG] (FabricLoader/Mixin) Mixing RegistriesAccessor from fabric-registry-sync-v0.mixins.json into net.minecraft.registry.Registries
[18:58:46] [main/DEBUG] (FabricLoader/Mixin) Renaming @Accessor method getROOT()Lnet/minecraft/registry/MutableRegistry; to getROOT$fabric-registry-sync-v0_$md$5fa9cc$0 in fabric-registry-sync-v0.mixins.json:RegistriesAccessor from mod fabric-registry-sync-v0
[18:58:46] [main/DEBUG] (FabricLoader/Mixin) Mixing RegistriesMixin from fabric-registry-sync-v0.mixins.json into net.minecraft.registry.Registries
[18:58:46] [main/DEBUG] (FabricLoader/Mixin) fabric-registry-sync-v0.mixins.json:RegistriesMixin from mod fabric-registry-sync-v0->@Inject::init(Lorg/spongepowered/asm/mixin/injection/callback/CallbackInfo;)V does use it's CallbackInfo
[18:58:46] [main/DEBUG] (FabricLoader/Mixin) Mixing SimpleRegistryMixin from fabric-registry-sync-v0.mixins.json into net.minecraft.registry.SimpleRegistry
[18:58:46] [main/DEBUG] (FabricLoader/Mixin) Renaming synthetic method lambda$new$5([Lnet/fabricmc/fabric/api/event/registry/RegistryIdRemapCallback;)Lnet/fabricmc/fabric/api/event/registry/RegistryIdRemapCallback; to md5fa9cc$fabric-registry-sync-v0$lambda$new$5$0 in fabric-registry-sync-v0.mixins.json:SimpleRegistryMixin from mod fabric-registry-sync-v0
[18:58:46] [main/DEBUG] (FabricLoader/Mixin) Renaming synthetic method lambda$new$4([Lnet/fabricmc/fabric/api/event/registry/RegistryIdRemapCallback;Lnet/fabricmc/fabric/api/event/registry/RegistryIdRemapCallback$RemapState;)V to md5fa9cc$fabric-registry-sync-v0$lambda$new$4$1 in fabric-registry-sync-v0.mixins.json:SimpleRegistryMixin from mod fabric-registry-sync-v0
[18:58:46] [main/DEBUG] (FabricLoader/Mixin) Renaming synthetic method lambda$new$3([Lnet/fabricmc/fabric/api/event/registry/RegistryEntryRemovedCallback;)Lnet/fabricmc/fabric/api/event/registry/RegistryEntryRemovedCallback; to md5fa9cc$fabric-registry-sync-v0$lambda$new$3$2 in fabric-registry-sync-v0.mixins.json:SimpleRegistryMixin from mod fabric-registry-sync-v0
[18:58:46] [main/DEBUG] (FabricLoader/Mixin) Renaming synthetic method lambda$new$2([Lnet/fabricmc/fabric/api/event/registry/RegistryEntryRemovedCallback;ILnet/minecraft/util/Identifier;Ljava/lang/Object;)V to md5fa9cc$fabric-registry-sync-v0$lambda$new$2$3 in fabric-registry-sync-v0.mixins.json:SimpleRegistryMixin from mod fabric-registry-sync-v0
[18:58:46] [main/DEBUG] (FabricLoader/Mixin) Renaming synthetic method lambda$new$1([Lnet/fabricmc/fabric/api/event/registry/RegistryEntryAddedCallback;)Lnet/fabricmc/fabric/api/event/registry/RegistryEntryAddedCallback; to md5fa9cc$fabric-registry-sync-v0$lambda$new$1$4 in fabric-registry-sync-v0.mixins.json:SimpleRegistryMixin from mod fabric-registry-sync-v0
[18:58:46] [main/DEBUG] (FabricLoader/Mixin) Renaming synthetic method lambda$new$0([Lnet/fabricmc/fabric/api/event/registry/RegistryEntryAddedCallback;ILnet/minecraft/util/Identifier;Ljava/lang/Object;)V to md5fa9cc$fabric-registry-sync-v0$lambda$new$0$5 in fabric-registry-sync-v0.mixins.json:SimpleRegistryMixin from mod fabric-registry-sync-v0
[18:58:46] [main/DEBUG] (FabricLoader/Mixin) fabric-registry-sync-v0.mixins.json:SimpleRegistryMixin from mod fabric-registry-sync-v0->@Inject::add(Lnet/minecraft/registry/RegistryKey;Ljava/lang/Object;Lcom/mojang/serialization/Lifecycle;Lorg/spongepowered/asm/mixin/injection/callback/CallbackInfoReturnable;)V doesn't use it's CallbackInfoReturnable
[18:58:46] [main/DEBUG] (FabricLoader/Mixin) fabric-registry-sync-v0.mixins.json:SimpleRegistryMixin from mod fabric-registry-sync-v0->@Inject::add(Lnet/minecraft/registry/RegistryKey;Ljava/lang/Object;Lcom/mojang/serialization/Lifecycle;Lorg/spongepowered/asm/mixin/injection/callback/CallbackInfoReturnable;)V has 0 override(s) in child classes
[18:58:46] [main/DEBUG] (FabricLoader/Mixin) fabric-registry-sync-v0.mixins.json:SimpleRegistryMixin from mod fabric-registry-sync-v0->@Inject::add(Lnet/minecraft/registry/RegistryKey;Ljava/lang/Object;Lcom/mojang/serialization/Lifecycle;Lorg/spongepowered/asm/mixin/injection/callback/CallbackInfoReturnable;)V won't be passed a CallbackInfoReturnable as a result
[18:58:46] [main/DEBUG] (FabricLoader/Mixin) fabric-registry-sync-v0.mixins.json:SimpleRegistryMixin from mod fabric-registry-sync-v0->@Inject::set(ILnet/minecraft/registry/RegistryKey;Ljava/lang/Object;Lcom/mojang/serialization/Lifecycle;Lorg/spongepowered/asm/mixin/injection/callback/CallbackInfoReturnable;)V does use it's CallbackInfoReturnable
[18:58:46] [main/DEBUG] (FabricLoader/Mixin) fabric-registry-sync-v0.mixins.json:SimpleRegistryMixin from mod fabric-registry-sync-v0->@Inject::setPre(ILnet/minecraft/registry/RegistryKey;Ljava/lang/Object;Lcom/mojang/serialization/Lifecycle;Lorg/spongepowered/asm/mixin/injection/callback/CallbackInfoReturnable;)V doesn't use it's CallbackInfoReturnable
[18:58:46] [main/DEBUG] (FabricLoader/Mixin) fabric-registry-sync-v0.mixins.json:SimpleRegistryMixin from mod fabric-registry-sync-v0->@Inject::setPre(ILnet/minecraft/registry/RegistryKey;Ljava/lang/Object;Lcom/mojang/serialization/Lifecycle;Lorg/spongepowered/asm/mixin/injection/callback/CallbackInfoReturnable;)V has 0 override(s) in child classes
[18:58:46] [main/DEBUG] (FabricLoader/Mixin) fabric-registry-sync-v0.mixins.json:SimpleRegistryMixin from mod fabric-registry-sync-v0->@Inject::setPre(ILnet/minecraft/registry/RegistryKey;Ljava/lang/Object;Lcom/mojang/serialization/Lifecycle;Lorg/spongepowered/asm/mixin/injection/callback/CallbackInfoReturnable;)V won't be passed a CallbackInfoReturnable as a result
[18:58:46] [main/DEBUG] (FabricLoader/Mixin) fabric-registry-sync-v0.mixins.json:SimpleRegistryMixin from mod fabric-registry-sync-v0->@Inject::setPost(ILnet/minecraft/registry/RegistryKey;Ljava/lang/Object;Lcom/mojang/serialization/Lifecycle;Lorg/spongepowered/asm/mixin/injection/callback/CallbackInfoReturnable;)V doesn't use it's CallbackInfoReturnable
[18:58:46] [main/DEBUG] (FabricLoader/Mixin) fabric-registry-sync-v0.mixins.json:SimpleRegistryMixin from mod fabric-registry-sync-v0->@Inject::setPost(ILnet/minecraft/registry/RegistryKey;Ljava/lang/Object;Lcom/mojang/serialization/Lifecycle;Lorg/spongepowered/asm/mixin/injection/callback/CallbackInfoReturnable;)V has 0 override(s) in child classes
[18:58:46] [main/DEBUG] (FabricLoader/Mixin) fabric-registry-sync-v0.mixins.json:SimpleRegistryMixin from mod fabric-registry-sync-v0->@Inject::setPost(ILnet/minecraft/registry/RegistryKey;Ljava/lang/Object;Lcom/mojang/serialization/Lifecycle;Lorg/spongepowered/asm/mixin/injection/callback/CallbackInfoReturnable;)V won't be passed a CallbackInfoReturnable as a result
[18:58:46] [main/DEBUG] (FabricLoader/Mixin) Mixing FluidMixin from fabric-transfer-api-v1.mixins.json into net.minecraft.fluid.Fluid
[18:58:46] [main/DEBUG] (FabricLoader/Mixin) fabric-transfer-api-v1.mixins.json:FluidMixin from mod fabric-transfer-api-v1->@Inject::hookGetBucketFillSound(Lorg/spongepowered/asm/mixin/injection/callback/CallbackInfoReturnable;)V does use it's CallbackInfoReturnable
[18:58:46] [main/DEBUG] (FabricLoader/Mixin) Mixing BlockMixin from fabric-block-api-v1.mixins.json into net.minecraft.block.Block
[18:58:46] [main/DEBUG] (FabricLoader/Mixin) Mixing AbstractBlockAccessor from fabric-object-builder-v1.mixins.json into net.minecraft.block.AbstractBlock
[18:58:46] [main/DEBUG] (FabricLoader/Mixin) Mixing EntityTypeMixin from fabric-object-builder-v1.mixins.json into net.minecraft.entity.EntityType
[18:58:46] [main/DEBUG] (FabricLoader/Mixin) fabric-object-builder-v1.mixins.json:EntityTypeMixin from mod fabric-object-builder-api-v1->@Inject::alwaysUpdateVelocity(Lorg/spongepowered/asm/mixin/injection/callback/CallbackInfoReturnable;)V does use it's CallbackInfoReturnable
[18:58:46] [main/DEBUG] (FabricLoader/Mixin) Mixing ItemMixin from fabric-item-api-v1.mixins.json into net.minecraft.item.Item
[18:58:46] [main/DEBUG] (FabricLoader/Mixin) Mixing ItemMixin from fabric-transfer-api-v1.mixins.json into net.minecraft.item.Item
[18:58:46] [main/DEBUG] (FabricLoader/Mixin) fabric-item-api-v1.mixins.json:ItemMixin from mod fabric-item-api-v1->@Inject::onConstruct(Lnet/minecraft/item/Item$Settings;Lorg/spongepowered/asm/mixin/injection/callback/CallbackInfo;)V doesn't use it's CallbackInfo
[18:58:46] [main/DEBUG] (FabricLoader/Mixin) fabric-item-api-v1.mixins.json:ItemMixin from mod fabric-item-api-v1->@Inject::onConstruct(Lnet/minecraft/item/Item$Settings;Lorg/spongepowered/asm/mixin/injection/callback/CallbackInfo;)V has 0 override(s) in child classes
[18:58:46] [main/DEBUG] (FabricLoader/Mixin) fabric-item-api-v1.mixins.json:ItemMixin from mod fabric-item-api-v1->@Inject::onConstruct(Lnet/minecraft/item/Item$Settings;Lorg/spongepowered/asm/mixin/injection/callback/CallbackInfo;)V won't be passed a CallbackInfo as a result
[18:58:46] [main/DEBUG] (FabricLoader/Mixin) Mixing BlockEntityTypeAccessor from fabric-api-lookup-api-v1.mixins.json into net.minecraft.block.entity.BlockEntityType
[18:58:46] [main/DEBUG] (FabricLoader/Mixin) Mixing ArgumentTypesMixin from fabric-gametest-api-v1.mixins.json into net.minecraft.command.argument.ArgumentTypes
[18:58:46] [main/DEBUG] (FabricLoader/Mixin) Mixing ArgumentTypesAccessor from fabric-command-api-v2.mixins.json into net.minecraft.command.argument.ArgumentTypes
[18:58:46] [main/DEBUG] (FabricLoader/Mixin) Renaming @Accessor method fabric_getClassMap()Ljava/util/Map; to fabric_getClassMap$fabric-command-api-v2_$md$5fa9cc$0 in fabric-command-api-v2.mixins.json:ArgumentTypesAccessor from mod fabric-command-api-v2
[18:58:46] [main/DEBUG] (FabricLoader/Mixin) fabric-gametest-api-v1.mixins.json:ArgumentTypesMixin from mod fabric-gametest-api-v1->@Inject::register(Lnet/minecraft/registry/Registry;Lorg/spongepowered/asm/mixin/injection/callback/CallbackInfoReturnable;)V doesn't use it's CallbackInfoReturnable
[18:58:46] [main/DEBUG] (FabricLoader/Mixin) Mixing ItemGroupsMixin from fabric-item-group-api-v1.mixins.json into net.minecraft.item.ItemGroups
[18:58:46] [main/DEBUG] (FabricLoader/Mixin) Renaming synthetic method lambda$paginateGroups$0(Lnet/minecraft/registry/entry/RegistryEntry$Reference;Lnet/minecraft/registry/entry/RegistryEntry$Reference;)I to md5fa9cc$fabric-item-group-api-v1$lambda$paginateGroups$0$0 in fabric-item-group-api-v1.mixins.json:ItemGroupsMixin from mod fabric-item-group-api-v1
[18:58:46] [main/DEBUG] (FabricLoader/Mixin) fabric-item-group-api-v1.mixins.json:ItemGroupsMixin from mod fabric-item-group-api-v1->@Inject::deferDuplicateCheck(Lorg/spongepowered/asm/mixin/injection/callback/CallbackInfo;)V does use it's CallbackInfo
[18:58:46] [main/DEBUG] (FabricLoader/Mixin) fabric-item-group-api-v1.mixins.json:ItemGroupsMixin from mod fabric-item-group-api-v1->@Inject::paginateGroups(Lorg/spongepowered/asm/mixin/injection/callback/CallbackInfo;)V doesn't use it's CallbackInfo
[18:58:46] [main/DEBUG] (FabricLoader/Mixin) Mixing ItemGroupAccessor from fabric-item-group-api-v1.mixins.json into net.minecraft.item.ItemGroup
[18:58:46] [main/DEBUG] (FabricLoader/Mixin) Mixing ItemGroupMixin from fabric-item-group-api-v1.mixins.json into net.minecraft.item.ItemGroup
[18:58:46] [main/DEBUG] (FabricLoader/Mixin) Renaming synthetic method lambda$getStacks$0(Lnet/minecraft/item/ItemGroup;)Ljava/lang/IllegalStateException; to md5fa9cc$fabric-item-group-api-v1$lambda$getStacks$0$0 in fabric-item-group-api-v1.mixins.json:ItemGroupMixin from mod fabric-item-group-api-v1
[18:58:46] [main/DEBUG] (FabricLoader/Mixin) fabric-item-group-api-v1.mixins.json:ItemGroupMixin from mod fabric-item-group-api-v1->@Inject::getStacks(Lnet/minecraft/item/ItemGroup$DisplayContext;Lorg/spongepowered/asm/mixin/injection/callback/CallbackInfo;)V doesn't use it's CallbackInfo
[18:58:46] [main/DEBUG] (FabricLoader/Mixin) fabric-item-group-api-v1.mixins.json:ItemGroupMixin from mod fabric-item-group-api-v1->@Inject::getStacks(Lnet/minecraft/item/ItemGroup$DisplayContext;Lorg/spongepowered/asm/mixin/injection/callback/CallbackInfo;)V has 0 override(s) in child classes
[18:58:46] [main/DEBUG] (FabricLoader/Mixin) fabric-item-group-api-v1.mixins.json:ItemGroupMixin from mod fabric-item-group-api-v1->@Inject::getStacks(Lnet/minecraft/item/ItemGroup$DisplayContext;Lorg/spongepowered/asm/mixin/injection/callback/CallbackInfo;)V won't be passed a CallbackInfo as a result
[18:58:46] [main/DEBUG] (FabricLoader/Mixin) Mixing FireBlockMixin from fabric-content-registries-v0.mixins.json into net.minecraft.block.FireBlock
[18:58:46] [main/DEBUG] (FabricLoader/Mixin) fabric-content-registries-v0.mixins.json:FireBlockMixin from mod fabric-content-registries-v0->@Inject::afterConstruct(Lnet/minecraft/block/AbstractBlock$Settings;Lorg/spongepowered/asm/mixin/injection/callback/CallbackInfo;)V doesn't use it's CallbackInfo
[18:58:46] [main/DEBUG] (FabricLoader/Mixin) fabric-content-registries-v0.mixins.json:FireBlockMixin from mod fabric-content-registries-v0->@Inject::afterConstruct(Lnet/minecraft/block/AbstractBlock$Settings;Lorg/spongepowered/asm/mixin/injection/callback/CallbackInfo;)V has 0 override(s) in child classes
[18:58:46] [main/DEBUG] (FabricLoader/Mixin) fabric-content-registries-v0.mixins.json:FireBlockMixin from mod fabric-content-registries-v0->@Inject::afterConstruct(Lnet/minecraft/block/AbstractBlock$Settings;Lorg/spongepowered/asm/mixin/injection/callback/CallbackInfo;)V won't be passed a CallbackInfo as a result
[18:58:46] [main/DEBUG] (FabricLoader/Mixin) fabric-content-registries-v0.mixins.json:FireBlockMixin from mod fabric-content-registries-v0->@Inject::getFabricBurnChance(Lnet/minecraft/block/BlockState;Lorg/spongepowered/asm/mixin/injection/callback/CallbackInfoReturnable;)V does use it's CallbackInfoReturnable
[18:58:46] [main/DEBUG] (FabricLoader/Mixin) fabric-content-registries-v0.mixins.json:FireBlockMixin from mod fabric-content-registries-v0->@Inject::getFabricSpreadChance(Lnet/minecraft/block/BlockState;Lorg/spongepowered/asm/mixin/injection/callback/CallbackInfoReturnable;)V does use it's CallbackInfoReturnable
[18:58:46] [main/DEBUG] (FabricLoader/Mixin) Mixing WorldMixin from fabric-lifecycle-events-v1.mixins.json into net.minecraft.world.World
[18:58:46] [main/DEBUG] (FabricLoader/Mixin) Mixing AttachmentTargetsMixin from fabric-data-attachment-api-v1.mixins.json into net.minecraft.world.World
[18:58:46] [main/DEBUG] (FabricLoader/Mixin) Mixing WorldViewMixin from fabric-rendering-data-attachment-v1.mixins.json into net.minecraft.world.WorldView
[18:58:46] [main/DEBUG] (FabricLoader/Mixin) Mixing BlockViewMixin from fabric-block-view-api-v2.mixins.json into net.minecraft.world.BlockView
[18:58:46] [main/DEBUG] (FabricLoader/Mixin) Mixing ServerWorldMixin from fabric-lifecycle-events-v1.mixins.json into net.minecraft.server.world.ServerWorld
[18:58:46] [main/DEBUG] (FabricLoader/Mixin) Mixing ServerWorldMixin from fabric-data-attachment-api-v1.mixins.json into net.minecraft.server.world.ServerWorld
[18:58:46] [main/DEBUG] (FabricLoader/Mixin) Renaming synthetic method lambda$createAttachmentsPersistentState$1(Lnet/minecraft/server/world/ServerWorld;Lnet/minecraft/nbt/NbtCompound;)Lnet/fabricmc/fabric/impl/attachment/AttachmentPersistentState; to md5fa9cc$fabric-data-attachment-api-v1$lambda$createAttachmentsPersistentState$1$0 in fabric-data-attachment-api-v1.mixins.json:ServerWorldMixin from mod fabric-data-attachment-api-v1
[18:58:46] [main/DEBUG] (FabricLoader/Mixin) Renaming synthetic method lambda$createAttachmentsPersistentState$0(Lnet/minecraft/server/world/ServerWorld;)Lnet/fabricmc/fabric/impl/attachment/AttachmentPersistentState; to md5fa9cc$fabric-data-attachment-api-v1$lambda$createAttachmentsPersistentState$0$1 in fabric-data-attachment-api-v1.mixins.json:ServerWorldMixin from mod fabric-data-attachment-api-v1
[18:58:46] [main/DEBUG] (FabricLoader/Mixin) Mixing ServerWorldMixin from fabric-api-lookup-api-v1.mixins.json into net.minecraft.server.world.ServerWorld
[18:58:46] [main/DEBUG] (FabricLoader/Mixin) Renaming synthetic method lambda$fabric_invalidateCache$5(Ljava/util/Map$Entry;)Z to md5fa9cc$fabric-api-lookup-api-v1$lambda$fabric_invalidateCache$5$2 in fabric-api-lookup-api-v1.mixins.json:ServerWorldMixin from mod fabric-api-lookup-api-v1
[18:58:46] [main/DEBUG] (FabricLoader/Mixin) Renaming synthetic method lambda$fabric_invalidateCache$4(Ljava/lang/ref/WeakReference;)Z to md5fa9cc$fabric-api-lookup-api-v1$lambda$fabric_invalidateCache$4$3 in fabric-api-lookup-api-v1.mixins.json:ServerWorldMixin from mod fabric-api-lookup-api-v1
[18:58:46] [main/DEBUG] (FabricLoader/Mixin) Renaming synthetic method lambda$fabric_invalidateCache$3(Ljava/lang/ref/WeakReference;)V to md5fa9cc$fabric-api-lookup-api-v1$lambda$fabric_invalidateCache$3$4 in fabric-api-lookup-api-v1.mixins.json:ServerWorldMixin from mod fabric-api-lookup-api-v1
[18:58:46] [main/DEBUG] (FabricLoader/Mixin) Renaming synthetic method lambda$fabric_invalidateCache$2(Ljava/lang/ref/WeakReference;)Z to md5fa9cc$fabric-api-lookup-api-v1$lambda$fabric_invalidateCache$2$5 in fabric-api-lookup-api-v1.mixins.json:ServerWorldMixin from mod fabric-api-lookup-api-v1
[18:58:46] [main/DEBUG] (FabricLoader/Mixin) Renaming synthetic method lambda$fabric_registerCache$1(Ljava/lang/ref/WeakReference;)Z to md5fa9cc$fabric-api-lookup-api-v1$lambda$fabric_registerCache$1$6 in fabric-api-lookup-api-v1.mixins.json:ServerWorldMixin from mod fabric-api-lookup-api-v1
[18:58:46] [main/DEBUG] (FabricLoader/Mixin) Renaming synthetic method lambda$fabric_registerCache$0(Lnet/minecraft/util/math/BlockPos;)Ljava/util/List; to md5fa9cc$fabric-api-lookup-api-v1$lambda$fabric_registerCache$0$7 in fabric-api-lookup-api-v1.mixins.json:ServerWorldMixin from mod fabric-api-lookup-api-v1
[18:58:46] [main/DEBUG] (FabricLoader/Mixin) fabric-lifecycle-events-v1.mixins.json:ServerWorldMixin from mod fabric-lifecycle-events-v1->@Inject::startWorldTick(Ljava/util/function/BooleanSupplier;Lorg/spongepowered/asm/mixin/injection/callback/CallbackInfo;)V doesn't use it's CallbackInfo
[18:58:46] [main/DEBUG] (FabricLoader/Mixin) fabric-lifecycle-events-v1.mixins.json:ServerWorldMixin from mod fabric-lifecycle-events-v1->@Inject::startWorldTick(Ljava/util/function/BooleanSupplier;Lorg/spongepowered/asm/mixin/injection/callback/CallbackInfo;)V has 0 override(s) in child classes
[18:58:46] [main/DEBUG] (FabricLoader/Mixin) fabric-lifecycle-events-v1.mixins.json:ServerWorldMixin from mod fabric-lifecycle-events-v1->@Inject::startWorldTick(Ljava/util/function/BooleanSupplier;Lorg/spongepowered/asm/mixin/injection/callback/CallbackInfo;)V won't be passed a CallbackInfo as a result
[18:58:46] [main/DEBUG] (FabricLoader/Mixin) fabric-lifecycle-events-v1.mixins.json:ServerWorldMixin from mod fabric-lifecycle-events-v1->@Inject::endWorldTick(Ljava/util/function/BooleanSupplier;Lorg/spongepowered/asm/mixin/injection/callback/CallbackInfo;)V doesn't use it's CallbackInfo
[18:58:46] [main/DEBUG] (FabricLoader/Mixin) fabric-lifecycle-events-v1.mixins.json:ServerWorldMixin from mod fabric-lifecycle-events-v1->@Inject::endWorldTick(Ljava/util/function/BooleanSupplier;Lorg/spongepowered/asm/mixin/injection/callback/CallbackInfo;)V has 0 override(s) in child classes
[18:58:46] [main/DEBUG] (FabricLoader/Mixin) fabric-lifecycle-events-v1.mixins.json:ServerWorldMixin from mod fabric-lifecycle-events-v1->@Inject::endWorldTick(Ljava/util/function/BooleanSupplier;Lorg/spongepowered/asm/mixin/injection/callback/CallbackInfo;)V won't be passed a CallbackInfo as a result
[18:58:46] [main/DEBUG] (FabricLoader/Mixin) fabric-data-attachment-api-v1.mixins.json:ServerWorldMixin from mod fabric-data-attachment-api-v1->@Inject::createAttachmentsPersistentState(Lorg/spongepowered/asm/mixin/injection/callback/CallbackInfo;)V doesn't use it's CallbackInfo
[18:58:46] [main/DEBUG] (FabricLoader/Mixin) fabric-data-attachment-api-v1.mixins.json:ServerWorldMixin from mod fabric-data-attachment-api-v1->@Inject::createAttachmentsPersistentState(Lorg/spongepowered/asm/mixin/injection/callback/CallbackInfo;)V has 0 override(s) in child classes
[18:58:46] [main/DEBUG] (FabricLoader/Mixin) fabric-data-attachment-api-v1.mixins.json:ServerWorldMixin from mod fabric-data-attachment-api-v1->@Inject::createAttachmentsPersistentState(Lorg/spongepowered/asm/mixin/injection/callback/CallbackInfo;)V won't be passed a CallbackInfo as a result
[18:58:46] [main/DEBUG] (FabricLoader/Mixin) Mixing EntityMixin from fabric-dimensions-v1.mixins.json into net.minecraft.entity.Entity
[18:58:46] [main/DEBUG] (FabricLoader/Mixin) Mixing EntityMixin from fabric-entity-events-v1.mixins.json into net.minecraft.entity.Entity
[18:58:46] [main/DEBUG] (FabricLoader/Mixin) Mixing AttachmentTargetsMixin from fabric-data-attachment-api-v1.mixins.json into net.minecraft.entity.Entity
[18:58:46] [main/DEBUG] (FabricLoader/Mixin) Mixing EntityMixin from fabric-data-attachment-api-v1.mixins.json into net.minecraft.entity.Entity
[18:58:46] [main/DEBUG] (FabricLoader/Mixin) fabric-dimensions-v1.mixins.json:EntityMixin from mod fabric-dimensions-v1->@Inject::getTeleportTarget(Lnet/minecraft/server/world/ServerWorld;Lorg/spongepowered/asm/mixin/injection/callback/CallbackInfoReturnable;)V does use it's CallbackInfoReturnable
[18:58:46] [main/DEBUG] (FabricLoader/Mixin) fabric-entity-events-v1.mixins.json:EntityMixin from mod fabric-entity-events-v1->@Inject::afterWorldChanged(Lnet/minecraft/server/world/ServerWorld;Lorg/spongepowered/asm/mixin/injection/callback/CallbackInfoReturnable;)V does use it's CallbackInfoReturnable
[18:58:46] [main/DEBUG] (FabricLoader/Mixin) fabric-entity-events-v1.mixins.json:EntityMixin from mod fabric-entity-events-v1->@Inject::afterWorldChanged(Lnet/minecraft/server/world/ServerWorld;Lorg/spongepowered/asm/mixin/injection/callback/CallbackInfoReturnable;)V does use it's CallbackInfoReturnable
[18:58:46] [main/DEBUG] (FabricLoader/Mixin) fabric-entity-events-v1.mixins.json:EntityMixin from mod fabric-entity-events-v1->@Inject::afterWorldChanged(Lnet/minecraft/server/world/ServerWorld;Lorg/spongepowered/asm/mixin/injection/callback/CallbackInfoReturnable;)V does use it's CallbackInfoReturnable
[18:58:46] [main/DEBUG] (FabricLoader/Mixin) fabric-entity-events-v1.mixins.json:EntityMixin from mod fabric-entity-events-v1->@Inject::afterEntityTeleportedToWorld(Lnet/minecraft/server/world/ServerWorld;DDDLjava/util/Set;FFLorg/spongepowered/asm/mixin/injection/callback/CallbackInfoReturnable;FLnet/minecraft/entity/Entity;)V doesn't use it's CallbackInfoReturnable
[18:58:46] [main/DEBUG] (FabricLoader/Mixin) fabric-entity-events-v1.mixins.json:EntityMixin from mod fabric-entity-events-v1->@Inject::afterEntityTeleportedToWorld(Lnet/minecraft/server/world/ServerWorld;DDDLjava/util/Set;FFLorg/spongepowered/asm/mixin/injection/callback/CallbackInfoReturnable;FLnet/minecraft/entity/Entity;)V has 0 override(s) in child classes
[18:58:46] [main/DEBUG] (FabricLoader/Mixin) fabric-entity-events-v1.mixins.json:EntityMixin from mod fabric-entity-events-v1->@Inject::afterEntityTeleportedToWorld(Lnet/minecraft/server/world/ServerWorld;DDDLjava/util/Set;FFLorg/spongepowered/asm/mixin/injection/callback/CallbackInfoReturnable;FLnet/minecraft/entity/Entity;)V won't be passed a CallbackInfoReturnable as a result
[18:58:46] [main/DEBUG] (FabricLoader/Mixin) fabric-data-attachment-api-v1.mixins.json:EntityMixin from mod fabric-data-attachment-api-v1->@Inject::readEntityAttachments(Lnet/minecraft/nbt/NbtCompound;Lorg/spongepowered/asm/mixin/injection/callback/CallbackInfo;)V doesn't use it's CallbackInfo
[18:58:46] [main/DEBUG] (FabricLoader/Mixin) fabric-data-attachment-api-v1.mixins.json:EntityMixin from mod fabric-data-attachment-api-v1->@Inject::readEntityAttachments(Lnet/minecraft/nbt/NbtCompound;Lorg/spongepowered/asm/mixin/injection/callback/CallbackInfo;)V has 0 override(s) in child classes
[18:58:46] [main/DEBUG] (FabricLoader/Mixin) fabric-data-attachment-api-v1.mixins.json:EntityMixin from mod fabric-data-attachment-api-v1->@Inject::readEntityAttachments(Lnet/minecraft/nbt/NbtCompound;Lorg/spongepowered/asm/mixin/injection/callback/CallbackInfo;)V won't be passed a CallbackInfo as a result
[18:58:46] [main/DEBUG] (FabricLoader/Mixin) fabric-data-attachment-api-v1.mixins.json:EntityMixin from mod fabric-data-attachment-api-v1->@Inject::writeEntityAttachments(Lnet/minecraft/nbt/NbtCompound;Lorg/spongepowered/asm/mixin/injection/callback/CallbackInfoReturnable;)V doesn't use it's CallbackInfoReturnable
[18:58:46] [main/DEBUG] (FabricLoader/Mixin) fabric-data-attachment-api-v1.mixins.json:EntityMixin from mod fabric-data-attachment-api-v1->@Inject::writeEntityAttachments(Lnet/minecraft/nbt/NbtCompound;Lorg/spongepowered/asm/mixin/injection/callback/CallbackInfoReturnable;)V has 0 override(s) in child classes
[18:58:46] [main/DEBUG] (FabricLoader/Mixin) fabric-data-attachment-api-v1.mixins.json:EntityMixin from mod fabric-data-attachment-api-v1->@Inject::writeEntityAttachments(Lnet/minecraft/nbt/NbtCompound;Lorg/spongepowered/asm/mixin/injection/callback/CallbackInfoReturnable;)V won't be passed a CallbackInfoReturnable as a result
[18:58:46] [main/DEBUG] (FabricLoader/Mixin) Mixing PlayerEntityMixin from fabric-entity-events-v1.mixins.json into net.minecraft.entity.player.PlayerEntity
[18:58:46] [main/DEBUG] (FabricLoader/Mixin) Mixing elytra.PlayerEntityMixin from fabric-entity-events-v1.mixins.json into net.minecraft.entity.player.PlayerEntity
[18:58:46] [main/DEBUG] (FabricLoader/Mixin) fabric-entity-events-v1.mixins.json:PlayerEntityMixin from mod fabric-entity-events-v1->@Inject::onTrySleep(Lnet/minecraft/util/math/BlockPos;Lorg/spongepowered/asm/mixin/injection/callback/CallbackInfoReturnable;)V does use it's CallbackInfoReturnable
[18:58:46] [main/DEBUG] (FabricLoader/Mixin) fabric-entity-events-v1.mixins.json:PlayerEntityMixin from mod fabric-entity-events-v1->@Inject::onIsSleepingLongEnough(Lorg/spongepowered/asm/mixin/injection/callback/CallbackInfoReturnable;)V does use it's CallbackInfoReturnable
[18:58:46] [main/DEBUG] (FabricLoader/Mixin) fabric-entity-events-v1.mixins.json:elytra.PlayerEntityMixin from mod fabric-entity-events-v1->@Inject::injectElytraCheck(Lorg/spongepowered/asm/mixin/injection/callback/CallbackInfoReturnable;)V does use it's CallbackInfoReturnable
[18:58:46] [main/DEBUG] (FabricLoader/Mixin) Mixing LivingEntityMixin from fabric-entity-events-v1.mixins.json into net.minecraft.entity.LivingEntity
[18:58:46] [main/DEBUG] (FabricLoader/Mixin) Mixing elytra.LivingEntityMixin from fabric-entity-events-v1.mixins.json into net.minecraft.entity.LivingEntity
[18:58:46] [main/DEBUG] (FabricLoader/Mixin) Mixing LivingEntityMixin from fabric-lifecycle-events-v1.mixins.json into net.minecraft.entity.LivingEntity
[18:58:46] [main/DEBUG] (FabricLoader/Mixin) Mixing LivingEntityMixin from fabric-item-api-v1.mixins.json into net.minecraft.entity.LivingEntity
[18:58:46] [main/DEBUG] (FabricLoader/Mixin) fabric-entity-events-v1.mixins.json:LivingEntityMixin from mod fabric-entity-events-v1->@Inject::notifyDeath(Lnet/minecraft/entity/damage/DamageSource;Lorg/spongepowered/asm/mixin/injection/callback/CallbackInfo;)V doesn't use it's CallbackInfo
[18:58:46] [main/DEBUG] (FabricLoader/Mixin) fabric-entity-events-v1.mixins.json:LivingEntityMixin from mod fabric-entity-events-v1->@Inject::notifyDeath(Lnet/minecraft/entity/damage/DamageSource;Lorg/spongepowered/asm/mixin/injection/callback/CallbackInfo;)V has 0 override(s) in child classes
[18:58:46] [main/DEBUG] (FabricLoader/Mixin) fabric-entity-events-v1.mixins.json:LivingEntityMixin from mod fabric-entity-events-v1->@Inject::notifyDeath(Lnet/minecraft/entity/damage/DamageSource;Lorg/spongepowered/asm/mixin/injection/callback/CallbackInfo;)V won't be passed a CallbackInfo as a result
[18:58:46] [main/DEBUG] (FabricLoader/Mixin) fabric-entity-events-v1.mixins.json:LivingEntityMixin from mod fabric-entity-events-v1->@Inject::beforeDamage(Lnet/minecraft/entity/damage/DamageSource;FLorg/spongepowered/asm/mixin/injection/callback/CallbackInfoReturnable;)V does use it's CallbackInfoReturnable
[18:58:46] [main/DEBUG] (FabricLoader/Mixin) fabric-entity-events-v1.mixins.json:LivingEntityMixin from mod fabric-entity-events-v1->@Inject::onSleep(Lnet/minecraft/util/math/BlockPos;Lorg/spongepowered/asm/mixin/injection/callback/CallbackInfo;)V doesn't use it's CallbackInfo
[18:58:46] [main/DEBUG] (FabricLoader/Mixin) fabric-entity-events-v1.mixins.json:LivingEntityMixin from mod fabric-entity-events-v1->@Inject::onSleep(Lnet/minecraft/util/math/BlockPos;Lorg/spongepowered/asm/mixin/injection/callback/CallbackInfo;)V has 0 override(s) in child classes
[18:58:46] [main/DEBUG] (FabricLoader/Mixin) fabric-entity-events-v1.mixins.json:LivingEntityMixin from mod fabric-entity-events-v1->@Inject::onSleep(Lnet/minecraft/util/math/BlockPos;Lorg/spongepowered/asm/mixin/injection/callback/CallbackInfo;)V won't be passed a CallbackInfo as a result
[18:58:46] [main/DEBUG] (FabricLoader/Mixin) fabric-entity-events-v1.mixins.json:LivingEntityMixin from mod fabric-entity-events-v1->@Inject::onWakeUp(Lorg/spongepowered/asm/mixin/injection/callback/CallbackInfo;)V doesn't use it's CallbackInfo
[18:58:46] [main/DEBUG] (FabricLoader/Mixin) fabric-entity-events-v1.mixins.json:LivingEntityMixin from mod fabric-entity-events-v1->@Inject::onWakeUp(Lorg/spongepowered/asm/mixin/injection/callback/CallbackInfo;)V has 0 override(s) in child classes
[18:58:46] [main/DEBUG] (FabricLoader/Mixin) fabric-entity-events-v1.mixins.json:LivingEntityMixin from mod fabric-entity-events-v1->@Inject::onWakeUp(Lorg/spongepowered/asm/mixin/injection/callback/CallbackInfo;)V won't be passed a CallbackInfo as a result
[18:58:46] [main/DEBUG] (FabricLoader/Mixin) fabric-entity-events-v1.mixins.json:LivingEntityMixin from mod fabric-entity-events-v1->@Inject::onIsSleepingInBed(Lnet/minecraft/util/math/BlockPos;Lorg/spongepowered/asm/mixin/injection/callback/CallbackInfoReturnable;)V does use it's CallbackInfoReturnable
[18:58:46] [main/DEBUG] (FabricLoader/Mixin) fabric-entity-events-v1.mixins.json:elytra.LivingEntityMixin from mod fabric-entity-events-v1->@Inject::injectElytraTick(Lorg/spongepowered/asm/mixin/injection/callback/CallbackInfo;)V does use it's CallbackInfo
[18:58:46] [main/DEBUG] (FabricLoader/Mixin) fabric-lifecycle-events-v1.mixins.json:LivingEntityMixin from mod fabric-lifecycle-events-v1->@Inject::getEquipmentChanges(Lorg/spongepowered/asm/mixin/injection/callback/CallbackInfoReturnable;Ljava/util/Map;[Lnet/minecraft/entity/EquipmentSlot;IILnet/minecraft/entity/EquipmentSlot;Lnet/minecraft/item/ItemStack;Lnet/minecraft/item/ItemStack;)V doesn't use it's CallbackInfoReturnable
[18:58:46] [main/DEBUG] (FabricLoader/Mixin) fabric-lifecycle-events-v1.mixins.json:LivingEntityMixin from mod fabric-lifecycle-events-v1->@Inject::getEquipmentChanges(Lorg/spongepowered/asm/mixin/injection/callback/CallbackInfoReturnable;Ljava/util/Map;[Lnet/minecraft/entity/EquipmentSlot;IILnet/minecraft/entity/EquipmentSlot;Lnet/minecraft/item/ItemStack;Lnet/minecraft/item/ItemStack;)V has 0 override(s) in child classes
[18:58:46] [main/DEBUG] (FabricLoader/Mixin) fabric-lifecycle-events-v1.mixins.json:LivingEntityMixin from mod fabric-lifecycle-events-v1->@Inject::getEquipmentChanges(Lorg/spongepowered/asm/mixin/injection/callback/CallbackInfoReturnable;Ljava/util/Map;[Lnet/minecraft/entity/EquipmentSlot;IILnet/minecraft/entity/EquipmentSlot;Lnet/minecraft/item/ItemStack;Lnet/minecraft/item/ItemStack;)V won't be passed a CallbackInfoReturnable as a result
[18:58:46] [main/DEBUG] (FabricLoader/Mixin) fabric-item-api-v1.mixins.json:LivingEntityMixin from mod fabric-item-api-v1->@Inject::onGetPreferredEquipmentSlot(Lnet/minecraft/item/ItemStack;Lorg/spongepowered/asm/mixin/injection/callback/CallbackInfoReturnable;)V does use it's CallbackInfoReturnable
[18:58:47] [main/DEBUG] (FabricLoader/Mixin) Mixing AbstractBlockSettingsAccessor from fabric-object-builder-v1.mixins.json into net.minecraft.block.AbstractBlock$Settings
[18:58:47] [main/DEBUG] (FabricLoader/Mixin) Mixing IdListMixin from fabric-registry-sync-v0.mixins.json into net.minecraft.util.collection.IdList
[18:58:47] [main/DEBUG] (FabricLoader/Mixin) Renaming synthetic method lambda$fabric_remapIds$0(Lit/unimi/dsi/fastutil/ints/Int2IntMap;Ljava/lang/Object;Ljava/lang/Integer;)Ljava/lang/Integer; to md5fa9cc$fabric-registry-sync-v0$lambda$fabric_remapIds$0$0 in fabric-registry-sync-v0.mixins.json:IdListMixin from mod fabric-registry-sync-v0
[18:58:47] [main/DEBUG] (FabricLoader/Mixin) Mixing DetectorRailBlockMixin from fabric-object-builder-v1.mixins.json into net.minecraft.block.DetectorRailBlock
[18:58:47] [main/DEBUG] (FabricLoader/Mixin) Renaming synthetic method lambda$getCustomComparatorOutput$0(Lnet/minecraft/entity/Entity;)Z to md5fa9cc$fabric-object-builder-api-v1$lambda$getCustomComparatorOutput$0$0 in fabric-object-builder-v1.mixins.json:DetectorRailBlockMixin from mod fabric-object-builder-api-v1
[18:58:47] [main/DEBUG] (FabricLoader/Mixin) fabric-object-builder-v1.mixins.json:DetectorRailBlockMixin from mod fabric-object-builder-api-v1->@Inject::getCustomComparatorOutput(Lnet/minecraft/block/BlockState;Lnet/minecraft/world/World;Lnet/minecraft/util/math/BlockPos;Lorg/spongepowered/asm/mixin/injection/callback/CallbackInfoReturnable;)V does use it's CallbackInfoReturnable
[18:58:47] [main/DEBUG] (FabricLoader/Mixin) Mixing DropperBlockMixin from fabric-transfer-api-v1.mixins.json into net.minecraft.block.DropperBlock
[18:58:47] [main/DEBUG] (FabricLoader/Mixin) Renaming synthetic method lambda$hookDispense$0(Lnet/fabricmc/fabric/api/transfer/v1/item/ItemVariant;)Z to md5fa9cc$fabric-transfer-api-v1$lambda$hookDispense$0$0 in fabric-transfer-api-v1.mixins.json:DropperBlockMixin from mod fabric-transfer-api-v1
[18:58:47] [main/DEBUG] (FabricLoader/Mixin) fabric-transfer-api-v1.mixins.json:DropperBlockMixin from mod fabric-transfer-api-v1->@Inject::hookDispense(Lnet/minecraft/server/world/ServerWorld;Lnet/minecraft/block/BlockState;Lnet/minecraft/util/math/BlockPos;Lorg/spongepowered/asm/mixin/injection/callback/CallbackInfo;)V does use it's CallbackInfo
[18:58:47] [main/DEBUG] (FabricLoader/Mixin) Mixing OxidizableMixin from fabric-content-registries-v0.mixins.json into net.minecraft.block.Oxidizable
[18:58:47] [main/DEBUG] (FabricLoader/Mixin) fabric-content-registries-v0.mixins.json:OxidizableMixin from mod fabric-content-registries-v0->@Inject::createOxidationLevelIncreasesMap(Lorg/spongepowered/asm/mixin/injection/callback/CallbackInfoReturnable;)V does use it's CallbackInfoReturnable
[18:58:47] [main/DEBUG] (FabricLoader/Mixin) Mixing BlockStateMixin from fabric-block-api-v1.mixins.json into net.minecraft.block.BlockState
[18:58:47] [main/DEBUG] (FabricLoader/Mixin) Mixing BlockEntityMixin from fabric-block-view-api-v2.mixins.json into net.minecraft.block.entity.BlockEntity
[18:58:47] [main/DEBUG] (FabricLoader/Mixin) Mixing BlockEntityMixin from fabric-rendering-data-attachment-v1.mixins.json into net.minecraft.block.entity.BlockEntity
[18:58:47] [main/DEBUG] (FabricLoader/Mixin) Mixing AttachmentTargetsMixin from fabric-data-attachment-api-v1.mixins.json into net.minecraft.block.entity.BlockEntity
[18:58:47] [main/DEBUG] (FabricLoader/Mixin) Mixing BlockEntityMixin from fabric-data-attachment-api-v1.mixins.json into net.minecraft.block.entity.BlockEntity
[18:58:47] [main/DEBUG] (FabricLoader/Mixin) fabric-data-attachment-api-v1.mixins.json:BlockEntityMixin from mod fabric-data-attachment-api-v1->@Inject::readBlockEntityAttachments(Lnet/minecraft/nbt/NbtCompound;Ljava/lang/String;Lnet/minecraft/block/entity/BlockEntity;Lorg/spongepowered/asm/mixin/injection/callback/CallbackInfoReturnable;)V doesn't use it's CallbackInfoReturnable
[18:58:47] [main/DEBUG] (FabricLoader/Mixin) fabric-data-attachment-api-v1.mixins.json:BlockEntityMixin from mod fabric-data-attachment-api-v1->@Inject::writeBlockEntityAttachments(Lorg/spongepowered/asm/mixin/injection/callback/CallbackInfoReturnable;)V does use it's CallbackInfoReturnable
[18:58:47] [main/DEBUG] (FabricLoader/Mixin) Mixing NamedScreenHandlerFactoryMixin from fabric-screen-handler-api-v1.mixins.json into net.minecraft.screen.NamedScreenHandlerFactory
[18:58:47] [main/DEBUG] (FabricLoader/Mixin) Mixing LootableContainerBlockEntityMixin from fabric-transfer-api-v1.mixins.json into net.minecraft.block.entity.LootableContainerBlockEntity
[18:58:47] [main/DEBUG] (FabricLoader/Mixin) Mixing ChiseledBookshelfBlockEntityMixin from fabric-transfer-api-v1.mixins.json into net.minecraft.block.entity.ChiseledBookshelfBlockEntity
[18:58:47] [main/DEBUG] (FabricLoader/Mixin) fabric-transfer-api-v1.mixins.json:ChiseledBookshelfBlockEntityMixin from mod fabric-transfer-api-v1->@Inject::setStackBypass(ILnet/minecraft/item/ItemStack;Lorg/spongepowered/asm/mixin/injection/callback/CallbackInfo;)V does use it's CallbackInfo
[18:58:48] [main/DEBUG] (FabricLoader/Mixin) Mixing AbstractFurnaceBlockEntityMixin from fabric-content-registries-v0.mixins.json into net.minecraft.block.entity.AbstractFurnaceBlockEntity
[18:58:48] [main/DEBUG] (FabricLoader/Mixin) Mixing AbstractFurnaceBlockEntityMixin from fabric-item-api-v1.mixins.json into net.minecraft.block.entity.AbstractFurnaceBlockEntity
[18:58:48] [main/DEBUG] (FabricLoader/Mixin) Mixing AbstractFurnaceBlockEntityMixin from fabric-transfer-api-v1.mixins.json into net.minecraft.block.entity.AbstractFurnaceBlockEntity
[18:58:48] [main/DEBUG] (FabricLoader/Mixin) fabric-content-registries-v0.mixins.json:AbstractFurnaceBlockEntityMixin from mod fabric-content-registries-v0->@Inject::fuelTimeMapHook(Lorg/spongepowered/asm/mixin/injection/callback/CallbackInfoReturnable;)V does use it's CallbackInfoReturnable
[18:58:48] [main/DEBUG] (FabricLoader/Mixin) fabric-item-api-v1.mixins.json:AbstractFurnaceBlockEntityMixin from mod fabric-item-api-v1->@Inject::getStackRemainder(Lnet/minecraft/world/World;Lnet/minecraft/util/math/BlockPos;Lnet/minecraft/block/BlockState;Lnet/minecraft/block/entity/AbstractFurnaceBlockEntity;Lorg/spongepowered/asm/mixin/injection/callback/CallbackInfo;ZZLnet/minecraft/item/ItemStack;ZZLnet/minecraft/recipe/RecipeEntry;I)V doesn't use it's CallbackInfo
[18:58:48] [main/DEBUG] (FabricLoader/Mixin) fabric-transfer-api-v1.mixins.json:AbstractFurnaceBlockEntityMixin from mod fabric-transfer-api-v1->@Inject::setStackSuppressUpdate(ILnet/minecraft/item/ItemStack;Lorg/spongepowered/asm/mixin/injection/callback/CallbackInfo;)V does use it's CallbackInfo
[18:58:48] [main/DEBUG] (FabricLoader/Mixin) Mixing JukeboxBlockEntityMixin from fabric-transfer-api-v1.mixins.json into net.minecraft.block.entity.JukeboxBlockEntity
[18:58:48] [main/DEBUG] (FabricLoader/Mixin) fabric-transfer-api-v1.mixins.json:JukeboxBlockEntityMixin from mod fabric-transfer-api-v1->@Inject::setStackBypass(Lnet/minecraft/item/ItemStack;Lorg/spongepowered/asm/mixin/injection/callback/CallbackInfo;)V does use it's CallbackInfo
[18:58:48] [main/DEBUG] (FabricLoader/Mixin) Mixing MobEntityMixin from fabric-entity-events-v1.mixins.json into net.minecraft.entity.mob.MobEntity
[18:58:48] [main/DEBUG] (FabricLoader/Mixin) Mixing BrewingStandBlockEntityMixin from fabric-item-api-v1.mixins.json into net.minecraft.block.entity.BrewingStandBlockEntity
[18:58:48] [main/DEBUG] (FabricLoader/Mixin) fabric-item-api-v1.mixins.json:BrewingStandBlockEntityMixin from mod fabric-item-api-v1->@Inject::captureItemStack(Lnet/minecraft/world/World;Lnet/minecraft/util/math/BlockPos;Lnet/minecraft/util/collection/DefaultedList;Lorg/spongepowered/asm/mixin/injection/callback/CallbackInfo;Lnet/minecraft/item/ItemStack;)V doesn't use it's CallbackInfo
[18:58:48] [main/DEBUG] (FabricLoader/Mixin) Mixing ItemStackMixin from fabric-item-api-v1.mixins.json into net.minecraft.item.ItemStack
[18:58:48] [main/DEBUG] (FabricLoader/Mixin) fabric-item-api-v1.mixins.json:ItemStackMixin from mod fabric-item-api-v1->@Inject::saveDamager(ILnet/minecraft/entity/LivingEntity;Ljava/util/function/Consumer;Lorg/spongepowered/asm/mixin/injection/callback/CallbackInfo;)V doesn't use it's CallbackInfo
[18:58:48] [main/DEBUG] (FabricLoader/Mixin) fabric-item-api-v1.mixins.json:ItemStackMixin from mod fabric-item-api-v1->@Inject::clearDamage(ILnet/minecraft/entity/LivingEntity;Ljava/util/function/Consumer;Lorg/spongepowered/asm/mixin/injection/callback/CallbackInfo;)V doesn't use it's CallbackInfo
[18:58:48] [main/DEBUG] (FabricLoader/Mixin) fabric-item-api-v1.mixins.json:ItemStackMixin from mod fabric-item-api-v1->@Inject::clearDamage(ILnet/minecraft/entity/LivingEntity;Ljava/util/function/Consumer;Lorg/spongepowered/asm/mixin/injection/callback/CallbackInfo;)V doesn't use it's CallbackInfo
[18:58:48] [main/DEBUG] (FabricLoader/Mixin) fabric-item-api-v1.mixins.json:ItemStackMixin from mod fabric-item-api-v1->@Inject::clearDamage(ILnet/minecraft/entity/LivingEntity;Ljava/util/function/Consumer;Lorg/spongepowered/asm/mixin/injection/callback/CallbackInfo;)V doesn't use it's CallbackInfo
[18:58:48] [main/DEBUG] (FabricLoader/Mixin) fabric-item-api-v1.mixins.json:ItemStackMixin from mod fabric-item-api-v1->@Inject::isStackAwareFood(Lorg/spongepowered/asm/mixin/injection/callback/CallbackInfoReturnable;)V does use it's CallbackInfoReturnable
[18:58:48] [main/DEBUG] (FabricLoader/Mixin) Mixing AnvilScreenHandlerMixin from fabric-item-api-v1.mixins.json into net.minecraft.screen.AnvilScreenHandler
[18:58:48] [main/DEBUG] (FabricLoader/Mixin) Mixing HopperBlockEntityMixin from fabric-transfer-api-v1.mixins.json into net.minecraft.block.entity.HopperBlockEntity
[18:58:48] [main/DEBUG] (FabricLoader/Mixin) Renaming synthetic method lambda$hookExtract$1(Lnet/fabricmc/fabric/api/transfer/v1/item/ItemVariant;)Z to md5fa9cc$fabric-transfer-api-v1$lambda$hookExtract$1$0 in fabric-transfer-api-v1.mixins.json:HopperBlockEntityMixin from mod fabric-transfer-api-v1
[18:58:48] [main/DEBUG] (FabricLoader/Mixin) Renaming synthetic method lambda$hookInsert$0(Lnet/fabricmc/fabric/api/transfer/v1/item/ItemVariant;)Z to md5fa9cc$fabric-transfer-api-v1$lambda$hookInsert$0$1 in fabric-transfer-api-v1.mixins.json:HopperBlockEntityMixin from mod fabric-transfer-api-v1
[18:58:48] [main/DEBUG] (FabricLoader/Mixin) fabric-transfer-api-v1.mixins.json:HopperBlockEntityMixin from mod fabric-transfer-api-v1->@Inject::hookInsert(Lnet/minecraft/world/World;Lnet/minecraft/util/math/BlockPos;Lnet/minecraft/block/BlockState;Lnet/minecraft/inventory/Inventory;Lorg/spongepowered/asm/mixin/injection/callback/CallbackInfoReturnable;Lnet/minecraft/inventory/Inventory;)V does use it's CallbackInfoReturnable
[18:58:48] [main/DEBUG] (FabricLoader/Mixin) fabric-transfer-api-v1.mixins.json:HopperBlockEntityMixin from mod fabric-transfer-api-v1->@Inject::hookExtract(Lnet/minecraft/world/World;Lnet/minecraft/block/entity/Hopper;Lorg/spongepowered/asm/mixin/injection/callback/CallbackInfoReturnable;Lnet/minecraft/inventory/Inventory;)V does use it's CallbackInfoReturnable
[18:58:48] [main/DEBUG] (FabricLoader/Mixin) Mixing TadpoleEntityMixin from fabric-entity-events-v1.mixins.json into net.minecraft.entity.passive.TadpoleEntity
[18:58:49] [main/DEBUG] (FabricLoader/Mixin) Mixing BlockItemMixin from fabric-item-api-v1.mixins.json into net.minecraft.item.BlockItem
[18:58:49] [main/DEBUG] (FabricLoader/Mixin) Mixing ArmorItemMixin from fabric-item-api-v1.mixins.json into net.minecraft.item.ArmorItem
[18:58:49] [main/DEBUG] (FabricLoader/Mixin) Mixing SwordItemMixin from fabric-mining-level-api-v1.mixins.json into net.minecraft.item.SwordItem
[18:58:49] [main/DEBUG] (FabricLoader/Mixin) fabric-mining-level-api-v1.mixins.json:SwordItemMixin from mod fabric-mining-level-api-v1->@Inject::fabric$onIsSuitableFor(Lnet/minecraft/block/BlockState;Lorg/spongepowered/asm/mixin/injection/callback/CallbackInfoReturnable;)V does use it's CallbackInfoReturnable
[18:58:49] [main/DEBUG] (FabricLoader/Mixin) fabric-mining-level-api-v1.mixins.json:SwordItemMixin from mod fabric-mining-level-api-v1->@Inject::fabric$onGetMiningSpeedMultiplier(Lnet/minecraft/item/ItemStack;Lnet/minecraft/block/BlockState;Lorg/spongepowered/asm/mixin/injection/callback/CallbackInfoReturnable;)V does use it's CallbackInfoReturnable
[18:58:49] [main/DEBUG] (FabricLoader/Mixin) fabric-mining-level-api-v1.mixins.json:SwordItemMixin from mod fabric-mining-level-api-v1->@Inject::fabric$onGetMiningSpeedMultiplier(Lnet/minecraft/item/ItemStack;Lnet/minecraft/block/BlockState;Lorg/spongepowered/asm/mixin/injection/callback/CallbackInfoReturnable;)V does use it's CallbackInfoReturnable
[18:58:49] [main/DEBUG] (FabricLoader/Mixin) Mixing ShovelItemAccessor from fabric-content-registries-v0.mixins.json into net.minecraft.item.ShovelItem
[18:58:49] [main/DEBUG] (FabricLoader/Mixin) Renaming @Accessor method getPathStates()Ljava/util/Map; to getPathStates$fabric-content-registries-v0_$md$5fa9cc$0 in fabric-content-registries-v0.mixins.json:ShovelItemAccessor from mod fabric-content-registries-v0
[18:58:49] [main/DEBUG] (FabricLoader/Mixin) Mixing MiningToolItemMixin from fabric-mining-level-api-v1.mixins.json into net.minecraft.item.MiningToolItem
[18:58:49] [main/DEBUG] (FabricLoader/Mixin) fabric-mining-level-api-v1.mixins.json:MiningToolItemMixin from mod fabric-mining-level-api-v1->@Inject::fabric$onIsSuitableFor(Lnet/minecraft/block/BlockState;Lorg/spongepowered/asm/mixin/injection/callback/CallbackInfoReturnable;I)V does use it's CallbackInfoReturnable
[18:58:49] [main/DEBUG] (FabricLoader/Mixin) Mixing AxeItemAccessor from fabric-content-registries-v0.mixins.json into net.minecraft.item.AxeItem
[18:58:49] [main/DEBUG] (FabricLoader/Mixin) Renaming @Accessor method getStrippedBlocks()Ljava/util/Map; to getStrippedBlocks$fabric-content-registries-v0_$md$5fa9cc$0 in fabric-content-registries-v0.mixins.json:AxeItemAccessor from mod fabric-content-registries-v0
[18:58:49] [main/DEBUG] (FabricLoader/Mixin) Renaming @Accessor method setStrippedBlocks(Ljava/util/Map;)V to setStrippedBlocks$fabric-content-registries-v0_$md$5fa9cc$1 in fabric-content-registries-v0.mixins.json:AxeItemAccessor from mod fabric-content-registries-v0
[18:58:49] [main/DEBUG] (FabricLoader/Mixin) Mixing HoeItemAccessor from fabric-content-registries-v0.mixins.json into net.minecraft.item.HoeItem
[18:58:49] [main/DEBUG] (FabricLoader/Mixin) Renaming @Accessor method getTillingActions()Ljava/util/Map; to getTillingActions$fabric-content-registries-v0_$md$5fa9cc$0 in fabric-content-registries-v0.mixins.json:HoeItemAccessor from mod fabric-content-registries-v0
[18:58:49] [main/DEBUG] (FabricLoader/Mixin) Mixing BucketItemAccessor from fabric-transfer-api-v1.mixins.json into net.minecraft.item.BucketItem
[18:58:49] [main/DEBUG] (FabricLoader/Mixin) Mixing BucketItemMixin from fabric-transfer-api-v1.mixins.json into net.minecraft.item.BucketItem
[18:58:49] [main/DEBUG] (FabricLoader/Mixin) Mixing ShearsItemMixin from fabric-mining-level-api-v1.mixins.json into net.minecraft.item.ShearsItem
[18:58:49] [main/DEBUG] (FabricLoader/Mixin) fabric-mining-level-api-v1.mixins.json:ShearsItemMixin from mod fabric-mining-level-api-v1->@Inject::fabric$onIsSuitableFor(Lnet/minecraft/block/BlockState;Lorg/spongepowered/asm/mixin/injection/callback/CallbackInfoReturnable;)V does use it's CallbackInfoReturnable
[18:58:49] [main/DEBUG] (FabricLoader/Mixin) fabric-mining-level-api-v1.mixins.json:ShearsItemMixin from mod fabric-mining-level-api-v1->@Inject::fabric$onGetMiningSpeedMultiplier(Lnet/minecraft/item/ItemStack;Lnet/minecraft/block/BlockState;Lorg/spongepowered/asm/mixin/injection/callback/CallbackInfoReturnable;)V does use it's CallbackInfoReturnable
[18:58:49] [main/DEBUG] (FabricLoader/Mixin) fabric-mining-level-api-v1.mixins.json:ShearsItemMixin from mod fabric-mining-level-api-v1->@Inject::fabric$onGetMiningSpeedMultiplier(Lnet/minecraft/item/ItemStack;Lnet/minecraft/block/BlockState;Lorg/spongepowered/asm/mixin/injection/callback/CallbackInfoReturnable;)V does use it's CallbackInfoReturnable
[18:58:49] [main/DEBUG] (FabricLoader/Mixin) fabric-mining-level-api-v1.mixins.json:ShearsItemMixin from mod fabric-mining-level-api-v1->@Inject::fabric$onGetMiningSpeedMultiplier(Lnet/minecraft/item/ItemStack;Lnet/minecraft/block/BlockState;Lorg/spongepowered/asm/mixin/injection/callback/CallbackInfoReturnable;)V does use it's CallbackInfoReturnable
[18:58:49] [main/DEBUG] (FabricLoader/Mixin) fabric-mining-level-api-v1.mixins.json:ShearsItemMixin from mod fabric-mining-level-api-v1->@Inject::fabric$onGetMiningSpeedMultiplier(Lnet/minecraft/item/ItemStack;Lnet/minecraft/block/BlockState;Lorg/spongepowered/asm/mixin/injection/callback/CallbackInfoReturnable;)V does use it's CallbackInfoReturnable
[18:58:49] [main/DEBUG] (FabricLoader/Mixin) Mixing HoneycombItemMixin from fabric-content-registries-v0.mixins.json into net.minecraft.item.HoneycombItem
[18:58:49] [main/DEBUG] (FabricLoader/Mixin) fabric-content-registries-v0.mixins.json:HoneycombItemMixin from mod fabric-content-registries-v0->@Inject::createUnwaxedToWaxedMap(Lorg/spongepowered/asm/mixin/injection/callback/CallbackInfoReturnable;)V does use it's CallbackInfoReturnable
[18:58:49] [main/DEBUG] (FabricLoader/Mixin) Mixing EntityTypeBuilderMixin from fabric-object-builder-v1.mixins.json into net.minecraft.entity.EntityType$Builder
[18:58:49] [main/DEBUG] (FabricLoader/Mixin) fabric-object-builder-v1.mixins.json:EntityTypeBuilderMixin from mod fabric-object-builder-api-v1->@Inject::applyChildBuilders(Ljava/lang/String;Lorg/spongepowered/asm/mixin/injection/callback/CallbackInfoReturnable;)V does use it's CallbackInfoReturnable
[18:58:49] [main/DEBUG] (FabricLoader/Mixin) Mixing StructuresToConfiguredStructuresFixMixin from fabric-registry-sync-v0.mixins.json into net.minecraft.datafixer.fix.StructuresToConfiguredStructuresFix
[18:58:49] [main/DEBUG] (FabricLoader/Mixin) fabric-registry-sync-v0.mixins.json:StructuresToConfiguredStructuresFixMixin from mod fabric-registry-sync-v0->@Inject::method_41022(Lcom/mojang/datafixers/util/Pair;Lcom/mojang/serialization/Dynamic;Lorg/spongepowered/asm/mixin/injection/callback/CallbackInfoReturnable;)V does use it's CallbackInfoReturnable
[18:58:49] [main/DEBUG] (FabricLoader/Mixin) Mixing TaggedChoiceTypeMixin from fabric-dimensions-v1.mixins.json into com.mojang.datafixers.types.templates.TaggedChoice$TaggedChoiceType
[18:58:49] [main/DEBUG] (FabricLoader/Mixin) fabric-dimensions-v1.mixins.json:TaggedChoiceTypeMixin from mod fabric-dimensions-v1->@Inject::onGetCodec(Ljava/lang/Object;Lorg/spongepowered/asm/mixin/injection/callback/CallbackInfoReturnable;)V does use it's CallbackInfoReturnable
[18:58:49] [main/DEBUG] (FabricLoader/Mixin) Mixing TaggedChoiceMixin from fabric-dimensions-v1.mixins.json into com.mojang.datafixers.types.templates.TaggedChoice
[18:58:49] [main/DEBUG] (FabricLoader/Mixin) fabric-dimensions-v1.mixins.json:TaggedChoiceMixin from mod fabric-dimensions-v1->@Inject::onApply(Lcom/mojang/datafixers/util/Pair;Lorg/spongepowered/asm/mixin/injection/callback/CallbackInfoReturnable;)V does use it's CallbackInfoReturnable
[18:58:50] [main/DEBUG] (FabricLoader/Mixin) Mixing Schema2832Mixin from fabric-dimensions-v1.mixins.json into net.minecraft.datafixer.schema.Schema2832
[18:58:50] [main/DEBUG] (FabricLoader/Mixin) Mixing CatEntityMixin from fabric-item-api-v1.mixins.json into net.minecraft.entity.passive.CatEntity
[18:58:50] [main/DEBUG] (FabricLoader/Mixin) Mixing FoxEntityMixin from fabric-item-api-v1.mixins.json into net.minecraft.entity.passive.FoxEntity
[18:58:50] [main/DEBUG] (FabricLoader/Mixin) Mixing MooshroomEntityMixin from fabric-entity-events-v1.mixins.json into net.minecraft.entity.passive.MooshroomEntity
[18:58:50] [main/DEBUG] (FabricLoader/Mixin) Mixing PigEntityMixin from fabric-entity-events-v1.mixins.json into net.minecraft.entity.passive.PigEntity
[18:58:51] [main/DEBUG] (FabricLoader/Mixin) Mixing PlayerTeleportationStateAccessor from mtr.mixins.json into net.minecraft.server.network.ServerPlayerEntity
[18:58:51] [main/DEBUG] (FabricLoader/Mixin) mtr.mixins.json:PlayerTeleportationStateAccessor from mod mtr: Class version 61 required is higher than the class version supported by the current version of Mixin (JAVA_8 supports class version 52)
[18:58:51] [main/DEBUG] (FabricLoader/Mixin) Mixing ServerPlayerEntityAccessor from fabric-containers-v0.mixins.json into net.minecraft.server.network.ServerPlayerEntity
[18:58:51] [main/DEBUG] (FabricLoader/Mixin) Mixing ServerPlayerEntityMixin from fabric-containers-v0.accurate.mixins.json into net.minecraft.server.network.ServerPlayerEntity
[18:58:51] [main/DEBUG] (FabricLoader/Mixin) Mixing ServerPlayerEntityMixin from fabric-events-interaction-v0.mixins.json into net.minecraft.server.network.ServerPlayerEntity
[18:58:51] [main/DEBUG] (FabricLoader/Mixin) Mixing EntityMixin from fabric-dimensions-v1.mixins.json into net.minecraft.server.network.ServerPlayerEntity
[18:58:51] [main/DEBUG] (FabricLoader/Mixin) Mixing ServerPlayerEntityMixin from fabric-entity-events-v1.mixins.json into net.minecraft.server.network.ServerPlayerEntity
[18:58:51] [main/DEBUG] (FabricLoader/Mixin) Mixing ServerPlayerEntityMixin from fabric-screen-handler-api-v1.mixins.json into net.minecraft.server.network.ServerPlayerEntity
[18:58:51] [main/DEBUG] (FabricLoader/Mixin) fabric-events-interaction-v0.mixins.json:ServerPlayerEntityMixin from mod fabric-events-interaction-v0->@Inject::onPlayerInteractEntity(Lnet/minecraft/entity/Entity;Lorg/spongepowered/asm/mixin/injection/callback/CallbackInfo;)V does use it's CallbackInfo
[18:58:51] [main/DEBUG] (FabricLoader/Mixin) fabric-dimensions-v1.mixins.json:EntityMixin from mod fabric-dimensions-v1->@Inject::getTeleportTarget(Lnet/minecraft/server/world/ServerWorld;Lorg/spongepowered/asm/mixin/injection/callback/CallbackInfoReturnable;)V does use it's CallbackInfoReturnable
[18:58:51] [main/DEBUG] (FabricLoader/Mixin) fabric-entity-events-v1.mixins.json:ServerPlayerEntityMixin from mod fabric-entity-events-v1->@Inject::callOnKillForPlayer(Lnet/minecraft/entity/damage/DamageSource;Lorg/spongepowered/asm/mixin/injection/callback/CallbackInfo;)V doesn't use it's CallbackInfo
[18:58:51] [main/DEBUG] (FabricLoader/Mixin) fabric-entity-events-v1.mixins.json:ServerPlayerEntityMixin from mod fabric-entity-events-v1->@Inject::callOnKillForPlayer(Lnet/minecraft/entity/damage/DamageSource;Lorg/spongepowered/asm/mixin/injection/callback/CallbackInfo;)V has 0 override(s) in child classes
[18:58:51] [main/DEBUG] (FabricLoader/Mixin) fabric-entity-events-v1.mixins.json:ServerPlayerEntityMixin from mod fabric-entity-events-v1->@Inject::callOnKillForPlayer(Lnet/minecraft/entity/damage/DamageSource;Lorg/spongepowered/asm/mixin/injection/callback/CallbackInfo;)V won't be passed a CallbackInfo as a result
[18:58:51] [main/DEBUG] (FabricLoader/Mixin) fabric-entity-events-v1.mixins.json:ServerPlayerEntityMixin from mod fabric-entity-events-v1->@Inject::notifyDeath(Lnet/minecraft/entity/damage/DamageSource;Lorg/spongepowered/asm/mixin/injection/callback/CallbackInfo;)V doesn't use it's CallbackInfo
[18:58:51] [main/DEBUG] (FabricLoader/Mixin) fabric-entity-events-v1.mixins.json:ServerPlayerEntityMixin from mod fabric-entity-events-v1->@Inject::notifyDeath(Lnet/minecraft/entity/damage/DamageSource;Lorg/spongepowered/asm/mixin/injection/callback/CallbackInfo;)V has 0 override(s) in child classes
[18:58:51] [main/DEBUG] (FabricLoader/Mixin) fabric-entity-events-v1.mixins.json:ServerPlayerEntityMixin from mod fabric-entity-events-v1->@Inject::notifyDeath(Lnet/minecraft/entity/damage/DamageSource;Lorg/spongepowered/asm/mixin/injection/callback/CallbackInfo;)V won't be passed a CallbackInfo as a result
[18:58:51] [main/DEBUG] (FabricLoader/Mixin) fabric-entity-events-v1.mixins.json:ServerPlayerEntityMixin from mod fabric-entity-events-v1->@Inject::afterWorldChanged(Lnet/minecraft/server/world/ServerWorld;Lorg/spongepowered/asm/mixin/injection/callback/CallbackInfo;)V doesn't use it's CallbackInfo
[18:58:51] [main/DEBUG] (FabricLoader/Mixin) fabric-entity-events-v1.mixins.json:ServerPlayerEntityMixin from mod fabric-entity-events-v1->@Inject::afterWorldChanged(Lnet/minecraft/server/world/ServerWorld;Lorg/spongepowered/asm/mixin/injection/callback/CallbackInfo;)V has 0 override(s) in child classes
[18:58:51] [main/DEBUG] (FabricLoader/Mixin) fabric-entity-events-v1.mixins.json:ServerPlayerEntityMixin from mod fabric-entity-events-v1->@Inject::afterWorldChanged(Lnet/minecraft/server/world/ServerWorld;Lorg/spongepowered/asm/mixin/injection/callback/CallbackInfo;)V won't be passed a CallbackInfo as a result
[18:58:51] [main/DEBUG] (FabricLoader/Mixin) fabric-entity-events-v1.mixins.json:ServerPlayerEntityMixin from mod fabric-entity-events-v1->@Inject::onCopyFrom(Lnet/minecraft/server/network/ServerPlayerEntity;ZLorg/spongepowered/asm/mixin/injection/callback/CallbackInfo;)V doesn't use it's CallbackInfo
[18:58:51] [main/DEBUG] (FabricLoader/Mixin) fabric-entity-events-v1.mixins.json:ServerPlayerEntityMixin from mod fabric-entity-events-v1->@Inject::onCopyFrom(Lnet/minecraft/server/network/ServerPlayerEntity;ZLorg/spongepowered/asm/mixin/injection/callback/CallbackInfo;)V has 0 override(s) in child classes
[18:58:51] [main/DEBUG] (FabricLoader/Mixin) fabric-entity-events-v1.mixins.json:ServerPlayerEntityMixin from mod fabric-entity-events-v1->@Inject::onCopyFrom(Lnet/minecraft/server/network/ServerPlayerEntity;ZLorg/spongepowered/asm/mixin/injection/callback/CallbackInfo;)V won't be passed a CallbackInfo as a result
[18:58:51] [main/DEBUG] (FabricLoader/Mixin) fabric-entity-events-v1.mixins.json:ServerPlayerEntityMixin from mod fabric-entity-events-v1->@Inject::onTrySleepDirectionCheck(Lnet/minecraft/util/math/BlockPos;Lorg/spongepowered/asm/mixin/injection/callback/CallbackInfoReturnable;Lnet/minecraft/util/math/Direction;)V does use it's CallbackInfoReturnable
[18:58:51] [main/DEBUG] (FabricLoader/Mixin) fabric-screen-handler-api-v1.mixins.json:ServerPlayerEntityMixin from mod fabric-screen-handler-api-v1->@Inject::fabric_storeOpenedScreenHandler(Lnet/minecraft/screen/NamedScreenHandlerFactory;Lorg/spongepowered/asm/mixin/injection/callback/CallbackInfoReturnable;Lnet/minecraft/screen/ScreenHandler;)V doesn't use it's CallbackInfoReturnable
[18:58:51] [main/DEBUG] (FabricLoader/Mixin) fabric-screen-handler-api-v1.mixins.json:ServerPlayerEntityMixin from mod fabric-screen-handler-api-v1->@Inject::fabric_storeOpenedScreenHandler(Lnet/minecraft/screen/NamedScreenHandlerFactory;Lorg/spongepowered/asm/mixin/injection/callback/CallbackInfoReturnable;Lnet/minecraft/screen/ScreenHandler;)V has 0 override(s) in child classes
[18:58:51] [main/DEBUG] (FabricLoader/Mixin) fabric-screen-handler-api-v1.mixins.json:ServerPlayerEntityMixin from mod fabric-screen-handler-api-v1->@Inject::fabric_storeOpenedScreenHandler(Lnet/minecraft/screen/NamedScreenHandlerFactory;Lorg/spongepowered/asm/mixin/injection/callback/CallbackInfoReturnable;Lnet/minecraft/screen/ScreenHandler;)V won't be passed a CallbackInfoReturnable as a result
[18:58:51] [main/DEBUG] (FabricLoader/Mixin) Mixing AttachmentTargetsMixin from fabric-data-attachment-api-v1.mixins.json into net.minecraft.world.chunk.Chunk
[18:58:51] [main/DEBUG] (FabricLoader/Mixin) Mixing server.WorldChunkMixin from fabric-lifecycle-events-v1.mixins.json into net.minecraft.world.chunk.WorldChunk
[18:58:51] [main/DEBUG] (FabricLoader/Mixin) Mixing WorldChunkMixin from fabric-data-attachment-api-v1.mixins.json into net.minecraft.world.chunk.WorldChunk
[18:58:51] [main/DEBUG] (FabricLoader/Mixin) fabric-lifecycle-events-v1.mixins.json:server.WorldChunkMixin from mod fabric-lifecycle-events-v1->@Inject::onLoadBlockEntity(Lnet/minecraft/block/entity/BlockEntity;Lorg/spongepowered/asm/mixin/injection/callback/CallbackInfo;Lnet/minecraft/util/math/BlockPos;Lnet/minecraft/block/entity/BlockEntity;)V doesn't use it's CallbackInfo
[18:58:51] [main/DEBUG] (FabricLoader/Mixin) fabric-lifecycle-events-v1.mixins.json:server.WorldChunkMixin from mod fabric-lifecycle-events-v1->@Inject::onLoadBlockEntity(Lnet/minecraft/block/entity/BlockEntity;Lorg/spongepowered/asm/mixin/injection/callback/CallbackInfo;Lnet/minecraft/util/math/BlockPos;Lnet/minecraft/block/entity/BlockEntity;)V has 0 override(s) in child classes
[18:58:51] [main/DEBUG] (FabricLoader/Mixin) fabric-lifecycle-events-v1.mixins.json:server.WorldChunkMixin from mod fabric-lifecycle-events-v1->@Inject::onLoadBlockEntity(Lnet/minecraft/block/entity/BlockEntity;Lorg/spongepowered/asm/mixin/injection/callback/CallbackInfo;Lnet/minecraft/util/math/BlockPos;Lnet/minecraft/block/entity/BlockEntity;)V won't be passed a CallbackInfo as a result
[18:58:51] [main/DEBUG] (FabricLoader/Mixin) fabric-lifecycle-events-v1.mixins.json:server.WorldChunkMixin from mod fabric-lifecycle-events-v1->@Inject::onRemoveBlockEntity(Lnet/minecraft/block/entity/BlockEntity;Lorg/spongepowered/asm/mixin/injection/callback/CallbackInfo;Lnet/minecraft/util/math/BlockPos;Lnet/minecraft/block/entity/BlockEntity;)V doesn't use it's CallbackInfo
[18:58:51] [main/DEBUG] (FabricLoader/Mixin) fabric-lifecycle-events-v1.mixins.json:server.WorldChunkMixin from mod fabric-lifecycle-events-v1->@Inject::onRemoveBlockEntity(Lnet/minecraft/block/entity/BlockEntity;Lorg/spongepowered/asm/mixin/injection/callback/CallbackInfo;Lnet/minecraft/util/math/BlockPos;Lnet/minecraft/block/entity/BlockEntity;)V has 0 override(s) in child classes
[18:58:51] [main/DEBUG] (FabricLoader/Mixin) fabric-lifecycle-events-v1.mixins.json:server.WorldChunkMixin from mod fabric-lifecycle-events-v1->@Inject::onRemoveBlockEntity(Lnet/minecraft/block/entity/BlockEntity;Lorg/spongepowered/asm/mixin/injection/callback/CallbackInfo;Lnet/minecraft/util/math/BlockPos;Lnet/minecraft/block/entity/BlockEntity;)V won't be passed a CallbackInfo as a result
[18:58:51] [main/DEBUG] (FabricLoader/Mixin) fabric-lifecycle-events-v1.mixins.json:server.WorldChunkMixin from mod fabric-lifecycle-events-v1->@Inject::onRemoveBlockEntity(Lnet/minecraft/util/math/BlockPos;Lorg/spongepowered/asm/mixin/injection/callback/CallbackInfo;Lnet/minecraft/block/entity/BlockEntity;)V doesn't use it's CallbackInfo
[18:58:51] [main/DEBUG] (FabricLoader/Mixin) fabric-lifecycle-events-v1.mixins.json:server.WorldChunkMixin from mod fabric-lifecycle-events-v1->@Inject::onRemoveBlockEntity(Lnet/minecraft/util/math/BlockPos;Lorg/spongepowered/asm/mixin/injection/callback/CallbackInfo;Lnet/minecraft/block/entity/BlockEntity;)V has 0 override(s) in child classes
[18:58:51] [main/DEBUG] (FabricLoader/Mixin) fabric-lifecycle-events-v1.mixins.json:server.WorldChunkMixin from mod fabric-lifecycle-events-v1->@Inject::onRemoveBlockEntity(Lnet/minecraft/util/math/BlockPos;Lorg/spongepowered/asm/mixin/injection/callback/CallbackInfo;Lnet/minecraft/block/entity/BlockEntity;)V won't be passed a CallbackInfo as a result
[18:58:51] [main/DEBUG] (FabricLoader/Mixin) fabric-data-attachment-api-v1.mixins.json:WorldChunkMixin from mod fabric-data-attachment-api-v1->@Inject::transferProtoChunkAttachement(Lnet/minecraft/server/world/ServerWorld;Lnet/minecraft/world/chunk/ProtoChunk;Lnet/minecraft/world/chunk/WorldChunk$EntityLoader;Lorg/spongepowered/asm/mixin/injection/callback/CallbackInfo;)V doesn't use it's CallbackInfo
[18:58:51] [main/DEBUG] (FabricLoader/Mixin) fabric-data-attachment-api-v1.mixins.json:WorldChunkMixin from mod fabric-data-attachment-api-v1->@Inject::transferProtoChunkAttachement(Lnet/minecraft/server/world/ServerWorld;Lnet/minecraft/world/chunk/ProtoChunk;Lnet/minecraft/world/chunk/WorldChunk$EntityLoader;Lorg/spongepowered/asm/mixin/injection/callback/CallbackInfo;)V has 0 override(s) in child classes
[18:58:51] [main/DEBUG] (FabricLoader/Mixin) fabric-data-attachment-api-v1.mixins.json:WorldChunkMixin from mod fabric-data-attachment-api-v1->@Inject::transferProtoChunkAttachement(Lnet/minecraft/server/world/ServerWorld;Lnet/minecraft/world/chunk/ProtoChunk;Lnet/minecraft/world/chunk/WorldChunk$EntityLoader;Lorg/spongepowered/asm/mixin/injection/callback/CallbackInfo;)V won't be passed a CallbackInfo as a result
[18:58:51] [main/DEBUG] (FabricLoader/Mixin) Mixing VillagerEntityAccessor from fabric-content-registries-v0.mixins.json into net.minecraft.entity.passive.VillagerEntity
[18:58:51] [main/DEBUG] (FabricLoader/Mixin) Renaming @Accessor method fabric_setItemFoodValues(Ljava/util/Map;)V to fabric_setItemFoodValues$fabric-content-registries-v0_$md$5fa9cc$0 in fabric-content-registries-v0.mixins.json:VillagerEntityAccessor from mod fabric-content-registries-v0
[18:58:51] [main/DEBUG] (FabricLoader/Mixin) Renaming @Accessor method fabric_setGatherableItems(Ljava/util/Set;)V to fabric_setGatherableItems$fabric-content-registries-v0_$md$5fa9cc$1 in fabric-content-registries-v0.mixins.json:VillagerEntityAccessor from mod fabric-content-registries-v0
[18:58:51] [main/DEBUG] (FabricLoader/Mixin) Renaming @Accessor method fabric_getGatherableItems()Ljava/util/Set; to fabric_getGatherableItems$fabric-content-registries-v0_$md$5fa9cc$2 in fabric-content-registries-v0.mixins.json:VillagerEntityAccessor from mod fabric-content-registries-v0
[18:58:51] [main/DEBUG] (FabricLoader/Mixin) Mixing VillagerEntityMixin from fabric-entity-events-v1.mixins.json into net.minecraft.entity.passive.VillagerEntity
[18:58:51] [main/DEBUG] (FabricLoader/Mixin) Mixing WolfEntityMixin from fabric-item-api-v1.mixins.json into net.minecraft.entity.passive.WolfEntity
[18:58:51] [main/DEBUG] (FabricLoader/Mixin) fabric-item-api-v1.mixins.json:WolfEntityMixin from mod fabric-item-api-v1->@Inject::storeCopy(Lnet/minecraft/entity/player/PlayerEntity;Lnet/minecraft/util/Hand;Lorg/spongepowered/asm/mixin/injection/callback/CallbackInfoReturnable;)V doesn't use it's CallbackInfoReturnable
[18:58:51] [main/DEBUG] (FabricLoader/Mixin) fabric-item-api-v1.mixins.json:WolfEntityMixin from mod fabric-item-api-v1->@Inject::storeCopy(Lnet/minecraft/entity/player/PlayerEntity;Lnet/minecraft/util/Hand;Lorg/spongepowered/asm/mixin/injection/callback/CallbackInfoReturnable;)V has 0 override(s) in child classes
[18:58:51] [main/DEBUG] (FabricLoader/Mixin) fabric-item-api-v1.mixins.json:WolfEntityMixin from mod fabric-item-api-v1->@Inject::storeCopy(Lnet/minecraft/entity/player/PlayerEntity;Lnet/minecraft/util/Hand;Lorg/spongepowered/asm/mixin/injection/callback/CallbackInfoReturnable;)V won't be passed a CallbackInfoReturnable as a result
[18:58:51] [main/DEBUG] (FabricLoader/Mixin) Mixing ingredient.IngredientMixin from fabric-recipe-api-v1.mixins.json into net.minecraft.recipe.Ingredient
[18:58:51] [main/DEBUG] (FabricLoader/Mixin) Renaming synthetic method lambda$injectCodec$3(Lnet/minecraft/recipe/Ingredient;)Lcom/mojang/datafixers/util/Either; to md5fa9cc$fabric-recipe-api-v1$lambda$injectCodec$3$0 in fabric-recipe-api-v1.mixins.json:ingredient.IngredientMixin from mod fabric-recipe-api-v1
[18:58:51] [main/DEBUG] (FabricLoader/Mixin) Renaming synthetic method lambda$injectCodec$2(Lcom/mojang/datafixers/util/Either;)Lnet/minecraft/recipe/Ingredient; to md5fa9cc$fabric-recipe-api-v1$lambda$injectCodec$2$1 in fabric-recipe-api-v1.mixins.json:ingredient.IngredientMixin from mod fabric-recipe-api-v1
[18:58:51] [main/DEBUG] (FabricLoader/Mixin) Renaming synthetic method lambda$injectCodec$1(Lnet/minecraft/recipe/Ingredient;)Lnet/minecraft/recipe/Ingredient; to md5fa9cc$fabric-recipe-api-v1$lambda$injectCodec$1$2 in fabric-recipe-api-v1.mixins.json:ingredient.IngredientMixin from mod fabric-recipe-api-v1
[18:58:51] [main/DEBUG] (FabricLoader/Mixin) Renaming synthetic method lambda$injectCodec$0(ZLnet/fabricmc/fabric/api/recipe/v1/ingredient/CustomIngredientSerializer;)Lcom/mojang/serialization/Codec; to md5fa9cc$fabric-recipe-api-v1$lambda$injectCodec$0$3 in fabric-recipe-api-v1.mixins.json:ingredient.IngredientMixin from mod fabric-recipe-api-v1
[18:58:51] [main/DEBUG] (FabricLoader/Mixin) fabric-recipe-api-v1.mixins.json:ingredient.IngredientMixin from mod fabric-recipe-api-v1->@Inject::injectCodec(ZLorg/spongepowered/asm/mixin/injection/callback/CallbackInfoReturnable;)V does use it's CallbackInfoReturnable
[18:58:51] [main/DEBUG] (FabricLoader/Mixin) fabric-recipe-api-v1.mixins.json:ingredient.IngredientMixin from mod fabric-recipe-api-v1->@Inject::injectFromPacket(Lnet/minecraft/network/PacketByteBuf;Lorg/spongepowered/asm/mixin/injection/callback/CallbackInfoReturnable;)V does use it's CallbackInfoReturnable
[18:58:51] [main/DEBUG] (FabricLoader/Mixin) Mixing EntitySelectorOptionsAccessor from fabric-command-api-v2.mixins.json into net.minecraft.command.EntitySelectorOptions
[18:58:51] [main/DEBUG] (FabricLoader/Mixin) Renaming @Invoker method callPutOption(Ljava/lang/String;Lnet/minecraft/command/EntitySelectorOptions$SelectorHandler;Ljava/util/function/Predicate;Lnet/minecraft/text/Text;)V to callPutOption$fabric-command-api-v2_$md$5fa9cc$0 in fabric-command-api-v2.mixins.json:EntitySelectorOptionsAccessor from mod fabric-command-api-v2
[18:58:51] [main/DEBUG] (FabricLoader/Mixin) Mixing EntitySelectorReaderMixin from fabric-command-api-v2.mixins.json into net.minecraft.command.EntitySelectorReader
[18:58:51] [main/DEBUG] (FabricLoader/Mixin) Mixing BlockEntityTypeBuilderMixin from fabric-object-builder-v1.mixins.json into net.minecraft.block.entity.BlockEntityType$Builder
[18:58:51] [main/DEBUG] (FabricLoader/Mixin) Generating mapped inner class net/minecraft/block/entity/ChiseledBookshelfBlockEntity$Anonymous$287b59de110048758b15f5d850fea33a (originally net/fabricmc/fabric/mixin/transfer/ChiseledBookshelfBlockEntityMixin$1)
[18:58:51] [main/DEBUG] (FabricLoader/Mixin) Mixing StructureTemplateManagerMixin from fabric-gametest-api-v1.mixins.json into net.minecraft.structure.StructureTemplateManager
[18:58:51] [main/DEBUG] (FabricLoader/Mixin) fabric-gametest-api-v1.mixins.json:StructureTemplateManagerMixin from mod fabric-gametest-api-v1->@Inject::addFabricTemplateProvider(Lnet/minecraft/resource/ResourceManager;Lnet/minecraft/world/level/storage/LevelStorage$Session;Lcom/mojang/datafixers/DataFixer;Lnet/minecraft/registry/RegistryEntryLookup;Lorg/spongepowered/asm/mixin/injection/callback/CallbackInfo;Lcom/google/common/collect/ImmutableList$Builder;)V doesn't use it's CallbackInfo
[18:58:51] [main/DEBUG] (FabricLoader/Mixin) fabric-gametest-api-v1.mixins.json:StructureTemplateManagerMixin from mod fabric-gametest-api-v1->@Inject::addFabricTemplateProvider(Lnet/minecraft/resource/ResourceManager;Lnet/minecraft/world/level/storage/LevelStorage$Session;Lcom/mojang/datafixers/DataFixer;Lnet/minecraft/registry/RegistryEntryLookup;Lorg/spongepowered/asm/mixin/injection/callback/CallbackInfo;Lcom/google/common/collect/ImmutableList$Builder;)V has 0 override(s) in child classes
[18:58:51] [main/DEBUG] (FabricLoader/Mixin) fabric-gametest-api-v1.mixins.json:StructureTemplateManagerMixin from mod fabric-gametest-api-v1->@Inject::addFabricTemplateProvider(Lnet/minecraft/resource/ResourceManager;Lnet/minecraft/world/level/storage/LevelStorage$Session;Lcom/mojang/datafixers/DataFixer;Lnet/minecraft/registry/RegistryEntryLookup;Lorg/spongepowered/asm/mixin/injection/callback/CallbackInfo;Lcom/google/common/collect/ImmutableList$Builder;)V won't be passed a CallbackInfo as a result
[18:58:51] [main/DEBUG] (FabricLoader/Mixin) Mixing SimpleInventoryMixin from fabric-transfer-api-v1.mixins.json into net.minecraft.inventory.SimpleInventory
[18:58:51] [main/DEBUG] (FabricLoader/Mixin) Mixing RecipeMixin from fabric-item-api-v1.mixins.json into net.minecraft.recipe.Recipe
[18:58:51] [main/DEBUG] (FabricLoader/Mixin) fabric-item-api-v1.mixins.json:RecipeMixin from mod fabric-item-api-v1->@Inject::captureStack(Lnet/minecraft/inventory/Inventory;Lorg/spongepowered/asm/mixin/injection/callback/CallbackInfoReturnable;Lnet/minecraft/util/collection/DefaultedList;I)V doesn't use it's CallbackInfoReturnable
[18:58:51] [main/DEBUG] (FabricLoader/Mixin) fabric-item-api-v1.mixins.json:RecipeMixin from mod fabric-item-api-v1->@Inject::captureStack(Lnet/minecraft/inventory/Inventory;Lorg/spongepowered/asm/mixin/injection/callback/CallbackInfoReturnable;Lnet/minecraft/util/collection/DefaultedList;I)V has 0 override(s) in child classes
[18:58:51] [main/DEBUG] (FabricLoader/Mixin) fabric-item-api-v1.mixins.json:RecipeMixin from mod fabric-item-api-v1->@Inject::captureStack(Lnet/minecraft/inventory/Inventory;Lorg/spongepowered/asm/mixin/injection/callback/CallbackInfoReturnable;Lnet/minecraft/util/collection/DefaultedList;I)V won't be passed a CallbackInfoReturnable as a result
[18:58:51] [main/DEBUG] (FabricLoader/Mixin) Mixing ingredient.ShapelessRecipeMixin from fabric-recipe-api-v1.mixins.json into net.minecraft.recipe.ShapelessRecipe
[18:58:51] [main/DEBUG] (FabricLoader/Mixin) fabric-recipe-api-v1.mixins.json:ingredient.ShapelessRecipeMixin from mod fabric-recipe-api-v1->@Inject::cacheRequiresTesting(Ljava/lang/String;Lnet/minecraft/recipe/book/CraftingRecipeCategory;Lnet/minecraft/item/ItemStack;Lnet/minecraft/util/collection/DefaultedList;Lorg/spongepowered/asm/mixin/injection/callback/CallbackInfo;)V doesn't use it's CallbackInfo
[18:58:51] [main/DEBUG] (FabricLoader/Mixin) fabric-recipe-api-v1.mixins.json:ingredient.ShapelessRecipeMixin from mod fabric-recipe-api-v1->@Inject::cacheRequiresTesting(Ljava/lang/String;Lnet/minecraft/recipe/book/CraftingRecipeCategory;Lnet/minecraft/item/ItemStack;Lnet/minecraft/util/collection/DefaultedList;Lorg/spongepowered/asm/mixin/injection/callback/CallbackInfo;)V has 0 override(s) in child classes
[18:58:51] [main/DEBUG] (FabricLoader/Mixin) fabric-recipe-api-v1.mixins.json:ingredient.ShapelessRecipeMixin from mod fabric-recipe-api-v1->@Inject::cacheRequiresTesting(Ljava/lang/String;Lnet/minecraft/recipe/book/CraftingRecipeCategory;Lnet/minecraft/item/ItemStack;Lnet/minecraft/util/collection/DefaultedList;Lorg/spongepowered/asm/mixin/injection/callback/CallbackInfo;)V won't be passed a CallbackInfo as a result
[18:58:51] [main/DEBUG] (FabricLoader/Mixin) fabric-recipe-api-v1.mixins.json:ingredient.ShapelessRecipeMixin from mod fabric-recipe-api-v1->@Inject::customIngredientMatch(Lnet/minecraft/inventory/RecipeInputInventory;Lnet/minecraft/world/World;Lorg/spongepowered/asm/mixin/injection/callback/CallbackInfoReturnable;)V does use it's CallbackInfoReturnable
[18:58:51] [main/DEBUG] (FabricLoader/Mixin) Mixing ItemPredicateMixin from fabric-item-api-v1.mixins.json into net.minecraft.predicate.item.ItemPredicate
[18:58:52] [main/DEBUG] (FabricLoader/Mixin) Mixing EnchantRandomlyLootFunctionMixin from fabric-item-api-v1.mixins.json into net.minecraft.loot.function.EnchantRandomlyLootFunction
[18:58:52] [main/DEBUG] (FabricLoader/Mixin) Mixing RegistryCodecsMixin from fabric-dimensions-v1.mixins.json into net.minecraft.registry.RegistryCodecs
[18:58:52] [main/DEBUG] (FabricLoader/Mixin) Mixing BiomeSourceMixin from fabric-biome-api-v1.mixins.json into net.minecraft.world.biome.source.BiomeSource
[18:58:52] [main/DEBUG] (FabricLoader/Mixin) Mixing MultiNoiseBiomeSourceMixin from fabric-biome-api-v1.mixins.json into net.minecraft.world.biome.source.MultiNoiseBiomeSource
[18:58:52] [main/DEBUG] (FabricLoader/Mixin) Mixing NetherBiomePresetMixin from fabric-biome-api-v1.mixins.json into net.minecraft.world.biome.source.MultiNoiseBiomeSourceParameterList$Preset$1
[18:58:52] [main/DEBUG] (FabricLoader/Mixin) fabric-biome-api-v1.mixins.json:NetherBiomePresetMixin from mod fabric-biome-api-v1->@Inject::apply(Ljava/util/function/Function;Lorg/spongepowered/asm/mixin/injection/callback/CallbackInfoReturnable;)V does use it's CallbackInfoReturnable
[18:58:52] [main/DEBUG] (FabricLoader/Mixin) Mixing TheEndBiomeSourceMixin from fabric-biome-api-v1.mixins.json into net.minecraft.world.biome.source.TheEndBiomeSource
[18:58:52] [main/DEBUG] (FabricLoader/Mixin) Renaming synthetic method lambda$init$1(Lnet/minecraft/registry/RegistryEntryLookup;)Lnet/fabricmc/fabric/impl/biome/TheEndBiomeData$Overrides; to md5fa9cc$fabric-biome-api-v1$lambda$init$1$0 in fabric-biome-api-v1.mixins.json:TheEndBiomeSourceMixin from mod fabric-biome-api-v1
[18:58:52] [main/DEBUG] (FabricLoader/Mixin) Renaming synthetic method lambda$modifyCodec$0(Lcom/mojang/serialization/codecs/RecordCodecBuilder$Instance;)Lcom/mojang/datafixers/kinds/App; to md5fa9cc$fabric-biome-api-v1$lambda$modifyCodec$0$1 in fabric-biome-api-v1.mixins.json:TheEndBiomeSourceMixin from mod fabric-biome-api-v1
[18:58:52] [main/DEBUG] (FabricLoader/Mixin) fabric-biome-api-v1.mixins.json:TheEndBiomeSourceMixin from mod fabric-biome-api-v1->@Inject::modifyCodec(Lorg/spongepowered/asm/mixin/injection/callback/CallbackInfo;)V doesn't use it's CallbackInfo
[18:58:52] [main/DEBUG] (FabricLoader/Mixin) fabric-biome-api-v1.mixins.json:TheEndBiomeSourceMixin from mod fabric-biome-api-v1->@Inject::rememberLookup(Lnet/minecraft/registry/RegistryEntryLookup;Lorg/spongepowered/asm/mixin/injection/callback/CallbackInfoReturnable;)V doesn't use it's CallbackInfoReturnable
[18:58:52] [main/DEBUG] (FabricLoader/Mixin) fabric-biome-api-v1.mixins.json:TheEndBiomeSourceMixin from mod fabric-biome-api-v1->@Inject::clearLookup(Lnet/minecraft/registry/RegistryEntryLookup;Lorg/spongepowered/asm/mixin/injection/callback/CallbackInfoReturnable;)V doesn't use it's CallbackInfoReturnable
[18:58:52] [main/DEBUG] (FabricLoader/Mixin) fabric-biome-api-v1.mixins.json:TheEndBiomeSourceMixin from mod fabric-biome-api-v1->@Inject::init(Lnet/minecraft/registry/entry/RegistryEntry;Lnet/minecraft/registry/entry/RegistryEntry;Lnet/minecraft/registry/entry/RegistryEntry;Lnet/minecraft/registry/entry/RegistryEntry;Lnet/minecraft/registry/entry/RegistryEntry;Lorg/spongepowered/asm/mixin/injection/callback/CallbackInfo;)V doesn't use it's CallbackInfo
[18:58:52] [main/DEBUG] (FabricLoader/Mixin) fabric-biome-api-v1.mixins.json:TheEndBiomeSourceMixin from mod fabric-biome-api-v1->@Inject::init(Lnet/minecraft/registry/entry/RegistryEntry;Lnet/minecraft/registry/entry/RegistryEntry;Lnet/minecraft/registry/entry/RegistryEntry;Lnet/minecraft/registry/entry/RegistryEntry;Lnet/minecraft/registry/entry/RegistryEntry;Lorg/spongepowered/asm/mixin/injection/callback/CallbackInfo;)V has 0 override(s) in child classes
[18:58:52] [main/DEBUG] (FabricLoader/Mixin) fabric-biome-api-v1.mixins.json:TheEndBiomeSourceMixin from mod fabric-biome-api-v1->@Inject::init(Lnet/minecraft/registry/entry/RegistryEntry;Lnet/minecraft/registry/entry/RegistryEntry;Lnet/minecraft/registry/entry/RegistryEntry;Lnet/minecraft/registry/entry/RegistryEntry;Lnet/minecraft/registry/entry/RegistryEntry;Lorg/spongepowered/asm/mixin/injection/callback/CallbackInfo;)V won't be passed a CallbackInfo as a result
[18:58:52] [main/DEBUG] (FabricLoader/Mixin) fabric-biome-api-v1.mixins.json:TheEndBiomeSourceMixin from mod fabric-biome-api-v1->@Inject::getWeightedEndBiome(IIILnet/minecraft/world/biome/source/util/MultiNoiseUtil$MultiNoiseSampler;Lorg/spongepowered/asm/mixin/injection/callback/CallbackInfoReturnable;)V does use it's CallbackInfoReturnable
[18:58:52] [main/DEBUG] (FabricLoader/Mixin) fabric-biome-api-v1.mixins.json:TheEndBiomeSourceMixin from mod fabric-biome-api-v1->@Inject::getWeightedEndBiome(IIILnet/minecraft/world/biome/source/util/MultiNoiseUtil$MultiNoiseSampler;Lorg/spongepowered/asm/mixin/injection/callback/CallbackInfoReturnable;)V does use it's CallbackInfoReturnable
[18:58:52] [main/DEBUG] (FabricLoader/Mixin) fabric-biome-api-v1.mixins.json:TheEndBiomeSourceMixin from mod fabric-biome-api-v1->@Inject::getWeightedEndBiome(IIILnet/minecraft/world/biome/source/util/MultiNoiseUtil$MultiNoiseSampler;Lorg/spongepowered/asm/mixin/injection/callback/CallbackInfoReturnable;)V does use it's CallbackInfoReturnable
[18:58:52] [main/DEBUG] (FabricLoader/Mixin) fabric-biome-api-v1.mixins.json:TheEndBiomeSourceMixin from mod fabric-biome-api-v1->@Inject::getWeightedEndBiome(IIILnet/minecraft/world/biome/source/util/MultiNoiseUtil$MultiNoiseSampler;Lorg/spongepowered/asm/mixin/injection/callback/CallbackInfoReturnable;)V does use it's CallbackInfoReturnable
[18:58:52] [main/DEBUG] (FabricLoader/Mixin) fabric-biome-api-v1.mixins.json:TheEndBiomeSourceMixin from mod fabric-biome-api-v1->@Inject::getWeightedEndBiome(IIILnet/minecraft/world/biome/source/util/MultiNoiseUtil$MultiNoiseSampler;Lorg/spongepowered/asm/mixin/injection/callback/CallbackInfoReturnable;)V does use it's CallbackInfoReturnable
[18:58:52] [main/DEBUG] (FabricLoader/Mixin) Mixing DebugChunkGeneratorAccessor from fabric-registry-sync-v0.mixins.json into net.minecraft.world.gen.chunk.DebugChunkGenerator
[18:58:52] [main/DEBUG] (FabricLoader/Mixin) Renaming @Accessor method setBLOCK_STATES(Ljava/util/List;)V to setBLOCK_STATES$fabric-registry-sync-v0_$md$5fa9cc$0 in fabric-registry-sync-v0.mixins.json:DebugChunkGeneratorAccessor from mod fabric-registry-sync-v0
[18:58:52] [main/DEBUG] (FabricLoader/Mixin) Renaming @Accessor method setX_SIDE_LENGTH(I)V to setX_SIDE_LENGTH$fabric-registry-sync-v0_$md$5fa9cc$1 in fabric-registry-sync-v0.mixins.json:DebugChunkGeneratorAccessor from mod fabric-registry-sync-v0
[18:58:52] [main/DEBUG] (FabricLoader/Mixin) Renaming @Accessor method setZ_SIDE_LENGTH(I)V to setZ_SIDE_LENGTH$fabric-registry-sync-v0_$md$5fa9cc$2 in fabric-registry-sync-v0.mixins.json:DebugChunkGeneratorAccessor from mod fabric-registry-sync-v0
[18:58:52] [main/DEBUG] (FabricLoader/Mixin) Mixing DefaultAttributeRegistryAccessor from fabric-object-builder-v1.mixins.json into net.minecraft.entity.attribute.DefaultAttributeRegistry
[18:58:52] [main/DEBUG] (FabricLoader/Mixin) Renaming @Accessor method getRegistry()Ljava/util/Map; to getRegistry$fabric-object-builder-api-v1_$md$5fa9cc$0 in fabric-object-builder-v1.mixins.json:DefaultAttributeRegistryAccessor from mod fabric-object-builder-api-v1
[18:58:52] [main/DEBUG] (FabricLoader/Mixin) Mixing DefaultAttributeRegistryMixin from fabric-object-builder-v1.mixins.json into net.minecraft.entity.attribute.DefaultAttributeRegistry
[18:58:52] [main/DEBUG] (FabricLoader/Mixin) fabric-object-builder-v1.mixins.json:DefaultAttributeRegistryMixin from mod fabric-object-builder-api-v1->@Inject::injectAttributes(Lorg/spongepowered/asm/mixin/injection/callback/CallbackInfo;)V doesn't use it's CallbackInfo
[18:58:52] [main/DEBUG] (FabricLoader/Entrypoint) Iterating over entrypoint 'main'
[18:58:53] [main/INFO] (MinecraftTransitRailway) Starting Minecraft with arguments:
-Dfabric.dli.config=C:\Users\user\Desktop\aaa\liftbatch\.gradle\loom-cache\launch.cfg
-Dfabric.dli.env=server
-Dfabric.dli.main=net.fabricmc.loader.impl.launch.knot.KnotServer
-Dfile.encoding=UTF-8
-Duser.country=CN
-Duser.language=zh
-Duser.variant
[18:58:53] [main/INFO] (MinecraftTransitRailway) :  __  __ _                            __ _    
[18:58:53] [main/INFO] (MinecraftTransitRailway) : |  \/  (_)                          / _| |   
[18:58:53] [main/INFO] (MinecraftTransitRailway) : | \  / |_ _ __   ___  ___ _ __ __ _| |_| |_  
[18:58:53] [main/INFO] (MinecraftTransitRailway) : | |\/| | | '_ \ / _ \/ __| '__/ _` |  _| __| 
[18:58:53] [main/INFO] (MinecraftTransitRailway) : | |  | | | | | |  __/ (__| | | (_| | | | |_  
[18:58:53] [main/INFO] (MinecraftTransitRailway) : |_|__|_|_|_| |_|\___|\___|_|_ \__,_|_|  \__| 
[18:58:53] [main/INFO] (MinecraftTransitRailway) : |__   __|                (_) |               
[18:58:53] [main/INFO] (MinecraftTransitRailway) :    | |_ __ __ _ _ __  ___ _| |_              
[18:58:53] [main/INFO] (MinecraftTransitRailway) :    | | '__/ _` | '_ \/ __| | __|             
[18:58:53] [main/INFO] (MinecraftTransitRailway) :    | | | | (_| | | | \__ \ | |_              
[18:58:53] [main/INFO] (MinecraftTransitRailway) :    |_|_|  \__,_|_| |_|___/_|\__|             
[18:58:53] [main/INFO] (MinecraftTransitRailway) :  _____       _ _                             
[18:58:53] [main/INFO] (MinecraftTransitRailway) : |  __ \     (_) |                            
[18:58:53] [main/INFO] (MinecraftTransitRailway) : | |__) |__ _ _| |_      ____ _ _   _         
[18:58:53] [main/INFO] (MinecraftTransitRailway) : |  _  // _` | | \ \ /\ / / _` | | | |        
[18:58:53] [main/INFO] (MinecraftTransitRailway) : | | \ \ (_| | | |\ V  V / (_| | |_| |        
[18:58:53] [main/INFO] (MinecraftTransitRailway) : |_|  \_\__,_|_|_| \_/\_/ \__,_|\__, |        
[18:58:53] [main/INFO] (MinecraftTransitRailway) :                                 __/ |        
[18:58:53] [main/INFO] (MinecraftTransitRailway) :                                |___/ (4.0.5+1.20.4) 
[18:58:53] [main/INFO] (MinecraftTransitRailway) :                                              
[18:58:53] [main/INFO] (MinecraftTransitRailway) Registering Minecraft Transit Railway blocks
[18:58:53] [main/INFO] (MinecraftTransitRailway) Registering Minecraft Transit Railway items
[18:58:53] [main/INFO] (MinecraftTransitRailway) Registering Minecraft Transit Railway block entity types
[18:58:53] [main/INFO] (MinecraftTransitRailway) Registering Minecraft Transit Railway entity types
[18:58:53] [main/INFO] (MinecraftTransitRailway) Registering Minecraft Transit Railway creative mode tabs
[18:58:53] [main/INFO] (MinecraftTransitRailway) Registering Minecraft Transit Railway sound events
[18:58:53] [main/INFO] (MinecraftMappings) Minecraft Mappings logging enabled
[18:58:53] [main/DEBUG] (FabricLoader/Mixin) Mixing MinecraftServerMixin from fabric-message-api-v1.mixins.json into net.minecraft.server.MinecraftServer
[18:58:53] [main/DEBUG] (FabricLoader/Mixin) Renaming synthetic method lambda$onGetChatDecorator$0(Lnet/minecraft/server/network/ServerPlayerEntity;Lnet/minecraft/text/Text;)Lnet/minecraft/text/Text; to md5fa9cc$fabric-message-api-v1$lambda$onGetChatDecorator$0$0 in fabric-message-api-v1.mixins.json:MinecraftServerMixin from mod fabric-message-api-v1
[18:58:53] [main/DEBUG] (FabricLoader/Mixin) Mixing MinecraftServerMixin from fabric-gametest-api-v1.mixins.json into net.minecraft.server.MinecraftServer
[18:58:53] [main/DEBUG] (FabricLoader/Mixin) Mixing MinecraftServerMixin from fabric-registry-sync-v0.mixins.json into net.minecraft.server.MinecraftServer
[18:58:53] [main/DEBUG] (FabricLoader/Mixin) Mixing MinecraftServerMixin from fabric-lifecycle-events-v1.mixins.json into net.minecraft.server.MinecraftServer
[18:58:53] [main/DEBUG] (FabricLoader/Mixin) Renaming synthetic method lambda$endResourceReload$0(Ljava/lang/Void;Ljava/lang/Throwable;)Ljava/lang/Void; to md5fa9cc$fabric-lifecycle-events-v1$lambda$endResourceReload$0$1 in fabric-lifecycle-events-v1.mixins.json:MinecraftServerMixin from mod fabric-lifecycle-events-v1
[18:58:53] [main/DEBUG] (FabricLoader/Mixin) Mixing modification.MinecraftServerMixin from fabric-biome-api-v1.mixins.json into net.minecraft.server.MinecraftServer
[18:58:53] [main/DEBUG] (FabricLoader/Mixin) Mixing MinecraftServerMixin from fabric-resource-loader-v0.mixins.json into net.minecraft.server.MinecraftServer
[18:58:53] [main/DEBUG] (FabricLoader/Mixin) fabric-message-api-v1.mixins.json:MinecraftServerMixin from mod fabric-message-api-v1->@Inject::onGetChatDecorator(Lorg/spongepowered/asm/mixin/injection/callback/CallbackInfoReturnable;)V does use it's CallbackInfoReturnable
[18:58:53] [main/DEBUG] (FabricLoader/Mixin) fabric-gametest-api-v1.mixins.json:MinecraftServerMixin from mod fabric-gametest-api-v1->@Inject::tickWorlds(Ljava/util/function/BooleanSupplier;Lorg/spongepowered/asm/mixin/injection/callback/CallbackInfo;)V doesn't use it's CallbackInfo
[18:58:53] [main/DEBUG] (FabricLoader/Mixin) fabric-gametest-api-v1.mixins.json:MinecraftServerMixin from mod fabric-gametest-api-v1->@Inject::tickWorlds(Ljava/util/function/BooleanSupplier;Lorg/spongepowered/asm/mixin/injection/callback/CallbackInfo;)V has 0 override(s) in child classes
[18:58:53] [main/DEBUG] (FabricLoader/Mixin) fabric-gametest-api-v1.mixins.json:MinecraftServerMixin from mod fabric-gametest-api-v1->@Inject::tickWorlds(Ljava/util/function/BooleanSupplier;Lorg/spongepowered/asm/mixin/injection/callback/CallbackInfo;)V won't be passed a CallbackInfo as a result
[18:58:53] [main/DEBUG] (FabricLoader/Mixin) fabric-registry-sync-v0.mixins.json:MinecraftServerMixin from mod fabric-registry-sync-v0->@Inject::beforeSetupServer(Lorg/spongepowered/asm/mixin/injection/callback/CallbackInfo;)V doesn't use it's CallbackInfo
[18:58:53] [main/DEBUG] (FabricLoader/Mixin) fabric-registry-sync-v0.mixins.json:MinecraftServerMixin from mod fabric-registry-sync-v0->@Inject::beforeSetupServer(Lorg/spongepowered/asm/mixin/injection/callback/CallbackInfo;)V has 0 override(s) in child classes
[18:58:53] [main/DEBUG] (FabricLoader/Mixin) fabric-registry-sync-v0.mixins.json:MinecraftServerMixin from mod fabric-registry-sync-v0->@Inject::beforeSetupServer(Lorg/spongepowered/asm/mixin/injection/callback/CallbackInfo;)V won't be passed a CallbackInfo as a result
[18:58:53] [main/DEBUG] (FabricLoader/Mixin) fabric-lifecycle-events-v1.mixins.json:MinecraftServerMixin from mod fabric-lifecycle-events-v1->@Inject::beforeSetupServer(Lorg/spongepowered/asm/mixin/injection/callback/CallbackInfo;)V doesn't use it's CallbackInfo
[18:58:53] [main/DEBUG] (FabricLoader/Mixin) fabric-lifecycle-events-v1.mixins.json:MinecraftServerMixin from mod fabric-lifecycle-events-v1->@Inject::beforeSetupServer(Lorg/spongepowered/asm/mixin/injection/callback/CallbackInfo;)V has 0 override(s) in child classes
[18:58:53] [main/DEBUG] (FabricLoader/Mixin) fabric-lifecycle-events-v1.mixins.json:MinecraftServerMixin from mod fabric-lifecycle-events-v1->@Inject::beforeSetupServer(Lorg/spongepowered/asm/mixin/injection/callback/CallbackInfo;)V won't be passed a CallbackInfo as a result
[18:58:53] [main/DEBUG] (FabricLoader/Mixin) fabric-lifecycle-events-v1.mixins.json:MinecraftServerMixin from mod fabric-lifecycle-events-v1->@Inject::afterSetupServer(Lorg/spongepowered/asm/mixin/injection/callback/CallbackInfo;)V doesn't use it's CallbackInfo
[18:58:53] [main/DEBUG] (FabricLoader/Mixin) fabric-lifecycle-events-v1.mixins.json:MinecraftServerMixin from mod fabric-lifecycle-events-v1->@Inject::afterSetupServer(Lorg/spongepowered/asm/mixin/injection/callback/CallbackInfo;)V has 0 override(s) in child classes
[18:58:53] [main/DEBUG] (FabricLoader/Mixin) fabric-lifecycle-events-v1.mixins.json:MinecraftServerMixin from mod fabric-lifecycle-events-v1->@Inject::afterSetupServer(Lorg/spongepowered/asm/mixin/injection/callback/CallbackInfo;)V won't be passed a CallbackInfo as a result
[18:58:53] [main/DEBUG] (FabricLoader/Mixin) fabric-lifecycle-events-v1.mixins.json:MinecraftServerMixin from mod fabric-lifecycle-events-v1->@Inject::beforeShutdownServer(Lorg/spongepowered/asm/mixin/injection/callback/CallbackInfo;)V doesn't use it's CallbackInfo
[18:58:53] [main/DEBUG] (FabricLoader/Mixin) fabric-lifecycle-events-v1.mixins.json:MinecraftServerMixin from mod fabric-lifecycle-events-v1->@Inject::beforeShutdownServer(Lorg/spongepowered/asm/mixin/injection/callback/CallbackInfo;)V has 0 override(s) in child classes
[18:58:53] [main/DEBUG] (FabricLoader/Mixin) fabric-lifecycle-events-v1.mixins.json:MinecraftServerMixin from mod fabric-lifecycle-events-v1->@Inject::beforeShutdownServer(Lorg/spongepowered/asm/mixin/injection/callback/CallbackInfo;)V won't be passed a CallbackInfo as a result
[18:58:53] [main/DEBUG] (FabricLoader/Mixin) fabric-lifecycle-events-v1.mixins.json:MinecraftServerMixin from mod fabric-lifecycle-events-v1->@Inject::afterShutdownServer(Lorg/spongepowered/asm/mixin/injection/callback/CallbackInfo;)V doesn't use it's CallbackInfo
[18:58:53] [main/DEBUG] (FabricLoader/Mixin) fabric-lifecycle-events-v1.mixins.json:MinecraftServerMixin from mod fabric-lifecycle-events-v1->@Inject::afterShutdownServer(Lorg/spongepowered/asm/mixin/injection/callback/CallbackInfo;)V has 0 override(s) in child classes
[18:58:53] [main/DEBUG] (FabricLoader/Mixin) fabric-lifecycle-events-v1.mixins.json:MinecraftServerMixin from mod fabric-lifecycle-events-v1->@Inject::afterShutdownServer(Lorg/spongepowered/asm/mixin/injection/callback/CallbackInfo;)V won't be passed a CallbackInfo as a result
[18:58:53] [main/DEBUG] (FabricLoader/Mixin) fabric-lifecycle-events-v1.mixins.json:MinecraftServerMixin from mod fabric-lifecycle-events-v1->@Inject::onStartTick(Ljava/util/function/BooleanSupplier;Lorg/spongepowered/asm/mixin/injection/callback/CallbackInfo;)V doesn't use it's CallbackInfo
[18:58:53] [main/DEBUG] (FabricLoader/Mixin) fabric-lifecycle-events-v1.mixins.json:MinecraftServerMixin from mod fabric-lifecycle-events-v1->@Inject::onStartTick(Ljava/util/function/BooleanSupplier;Lorg/spongepowered/asm/mixin/injection/callback/CallbackInfo;)V has 0 override(s) in child classes
[18:58:53] [main/DEBUG] (FabricLoader/Mixin) fabric-lifecycle-events-v1.mixins.json:MinecraftServerMixin from mod fabric-lifecycle-events-v1->@Inject::onStartTick(Ljava/util/function/BooleanSupplier;Lorg/spongepowered/asm/mixin/injection/callback/CallbackInfo;)V won't be passed a CallbackInfo as a result
[18:58:53] [main/DEBUG] (FabricLoader/Mixin) fabric-lifecycle-events-v1.mixins.json:MinecraftServerMixin from mod fabric-lifecycle-events-v1->@Inject::onEndTick(Ljava/util/function/BooleanSupplier;Lorg/spongepowered/asm/mixin/injection/callback/CallbackInfo;)V doesn't use it's CallbackInfo
[18:58:53] [main/DEBUG] (FabricLoader/Mixin) fabric-lifecycle-events-v1.mixins.json:MinecraftServerMixin from mod fabric-lifecycle-events-v1->@Inject::onEndTick(Ljava/util/function/BooleanSupplier;Lorg/spongepowered/asm/mixin/injection/callback/CallbackInfo;)V has 0 override(s) in child classes
[18:58:53] [main/DEBUG] (FabricLoader/Mixin) fabric-lifecycle-events-v1.mixins.json:MinecraftServerMixin from mod fabric-lifecycle-events-v1->@Inject::onEndTick(Ljava/util/function/BooleanSupplier;Lorg/spongepowered/asm/mixin/injection/callback/CallbackInfo;)V won't be passed a CallbackInfo as a result
[18:58:53] [main/DEBUG] (FabricLoader/Mixin) fabric-lifecycle-events-v1.mixins.json:MinecraftServerMixin from mod fabric-lifecycle-events-v1->@Inject::onUnloadWorldAtShutdown(Lorg/spongepowered/asm/mixin/injection/callback/CallbackInfo;Ljava/util/Iterator;Lnet/minecraft/server/world/ServerWorld;)V doesn't use it's CallbackInfo
[18:58:53] [main/DEBUG] (FabricLoader/Mixin) fabric-lifecycle-events-v1.mixins.json:MinecraftServerMixin from mod fabric-lifecycle-events-v1->@Inject::onUnloadWorldAtShutdown(Lorg/spongepowered/asm/mixin/injection/callback/CallbackInfo;Ljava/util/Iterator;Lnet/minecraft/server/world/ServerWorld;)V has 0 override(s) in child classes
[18:58:53] [main/DEBUG] (FabricLoader/Mixin) fabric-lifecycle-events-v1.mixins.json:MinecraftServerMixin from mod fabric-lifecycle-events-v1->@Inject::onUnloadWorldAtShutdown(Lorg/spongepowered/asm/mixin/injection/callback/CallbackInfo;Ljava/util/Iterator;Lnet/minecraft/server/world/ServerWorld;)V won't be passed a CallbackInfo as a result
[18:58:53] [main/DEBUG] (FabricLoader/Mixin) fabric-lifecycle-events-v1.mixins.json:MinecraftServerMixin from mod fabric-lifecycle-events-v1->@Inject::startResourceReload(Ljava/util/Collection;Lorg/spongepowered/asm/mixin/injection/callback/CallbackInfoReturnable;)V doesn't use it's CallbackInfoReturnable
[18:58:53] [main/DEBUG] (FabricLoader/Mixin) fabric-lifecycle-events-v1.mixins.json:MinecraftServerMixin from mod fabric-lifecycle-events-v1->@Inject::startResourceReload(Ljava/util/Collection;Lorg/spongepowered/asm/mixin/injection/callback/CallbackInfoReturnable;)V has 0 override(s) in child classes
[18:58:53] [main/DEBUG] (FabricLoader/Mixin) fabric-lifecycle-events-v1.mixins.json:MinecraftServerMixin from mod fabric-lifecycle-events-v1->@Inject::startResourceReload(Ljava/util/Collection;Lorg/spongepowered/asm/mixin/injection/callback/CallbackInfoReturnable;)V won't be passed a CallbackInfoReturnable as a result
[18:58:53] [main/DEBUG] (FabricLoader/Mixin) fabric-lifecycle-events-v1.mixins.json:MinecraftServerMixin from mod fabric-lifecycle-events-v1->@Inject::endResourceReload(Ljava/util/Collection;Lorg/spongepowered/asm/mixin/injection/callback/CallbackInfoReturnable;)V does use it's CallbackInfoReturnable
[18:58:53] [main/DEBUG] (FabricLoader/Mixin) fabric-lifecycle-events-v1.mixins.json:MinecraftServerMixin from mod fabric-lifecycle-events-v1->@Inject::startSave(ZZZLorg/spongepowered/asm/mixin/injection/callback/CallbackInfoReturnable;)V doesn't use it's CallbackInfoReturnable
[18:58:53] [main/DEBUG] (FabricLoader/Mixin) fabric-lifecycle-events-v1.mixins.json:MinecraftServerMixin from mod fabric-lifecycle-events-v1->@Inject::startSave(ZZZLorg/spongepowered/asm/mixin/injection/callback/CallbackInfoReturnable;)V has 0 override(s) in child classes
[18:58:53] [main/DEBUG] (FabricLoader/Mixin) fabric-lifecycle-events-v1.mixins.json:MinecraftServerMixin from mod fabric-lifecycle-events-v1->@Inject::startSave(ZZZLorg/spongepowered/asm/mixin/injection/callback/CallbackInfoReturnable;)V won't be passed a CallbackInfoReturnable as a result
[18:58:53] [main/DEBUG] (FabricLoader/Mixin) fabric-lifecycle-events-v1.mixins.json:MinecraftServerMixin from mod fabric-lifecycle-events-v1->@Inject::endSave(ZZZLorg/spongepowered/asm/mixin/injection/callback/CallbackInfoReturnable;)V doesn't use it's CallbackInfoReturnable
[18:58:53] [main/DEBUG] (FabricLoader/Mixin) fabric-lifecycle-events-v1.mixins.json:MinecraftServerMixin from mod fabric-lifecycle-events-v1->@Inject::endSave(ZZZLorg/spongepowered/asm/mixin/injection/callback/CallbackInfoReturnable;)V has 0 override(s) in child classes
[18:58:53] [main/DEBUG] (FabricLoader/Mixin) fabric-lifecycle-events-v1.mixins.json:MinecraftServerMixin from mod fabric-lifecycle-events-v1->@Inject::endSave(ZZZLorg/spongepowered/asm/mixin/injection/callback/CallbackInfoReturnable;)V won't be passed a CallbackInfoReturnable as a result
[18:58:53] [main/DEBUG] (FabricLoader/Mixin) fabric-biome-api-v1.mixins.json:modification.MinecraftServerMixin from mod fabric-biome-api-v1->@Inject::finalizeWorldGen(Lorg/spongepowered/asm/mixin/injection/callback/CallbackInfo;)V doesn't use it's CallbackInfo
[18:58:53] [main/DEBUG] (FabricLoader/Mixin) fabric-biome-api-v1.mixins.json:modification.MinecraftServerMixin from mod fabric-biome-api-v1->@Inject::finalizeWorldGen(Lorg/spongepowered/asm/mixin/injection/callback/CallbackInfo;)V has 0 override(s) in child classes
[18:58:53] [main/DEBUG] (FabricLoader/Mixin) fabric-biome-api-v1.mixins.json:modification.MinecraftServerMixin from mod fabric-biome-api-v1->@Inject::finalizeWorldGen(Lorg/spongepowered/asm/mixin/injection/callback/CallbackInfo;)V won't be passed a CallbackInfo as a result
[18:58:53] [main/DEBUG] (FabricLoader/Mixin) Mixing ServerPlayNetworkHandlerMixin from fabric-networking-api-v1.mixins.json into net.minecraft.server.network.ServerPlayNetworkHandler
[18:58:53] [main/DEBUG] (FabricLoader/Mixin) fabric-networking-api-v1.mixins.json:ServerPlayNetworkHandlerMixin from mod fabric-networking-api-v1->@Inject::initAddon(Lorg/spongepowered/asm/mixin/injection/callback/CallbackInfo;)V doesn't use it's CallbackInfo
[18:58:53] [main/DEBUG] (FabricLoader/Mixin) fabric-networking-api-v1.mixins.json:ServerPlayNetworkHandlerMixin from mod fabric-networking-api-v1->@Inject::initAddon(Lorg/spongepowered/asm/mixin/injection/callback/CallbackInfo;)V has 0 override(s) in child classes
[18:58:53] [main/DEBUG] (FabricLoader/Mixin) fabric-networking-api-v1.mixins.json:ServerPlayNetworkHandlerMixin from mod fabric-networking-api-v1->@Inject::initAddon(Lorg/spongepowered/asm/mixin/injection/callback/CallbackInfo;)V won't be passed a CallbackInfo as a result
[18:58:53] [main/DEBUG] (FabricLoader/Mixin) Mixing ServerCommonNetworkHandlerMixin from fabric-networking-api-v1.mixins.json into net.minecraft.server.network.ServerCommonNetworkHandler
[18:58:53] [main/DEBUG] (FabricLoader/Mixin) Mixing accessor.ServerCommonNetworkHandlerAccessor from fabric-networking-api-v1.mixins.json into net.minecraft.server.network.ServerCommonNetworkHandler
[18:58:53] [main/DEBUG] (FabricLoader/Mixin) fabric-networking-api-v1.mixins.json:ServerCommonNetworkHandlerMixin from mod fabric-networking-api-v1->@Inject::handleCustomPayloadReceivedAsync(Lnet/minecraft/network/packet/c2s/common/CustomPayloadC2SPacket;Lorg/spongepowered/asm/mixin/injection/callback/CallbackInfo;)V does use it's CallbackInfo
[18:58:53] [main/DEBUG] (FabricLoader/Mixin) fabric-networking-api-v1.mixins.json:ServerCommonNetworkHandlerMixin from mod fabric-networking-api-v1->@Inject::onPlayPong(Lnet/minecraft/network/packet/c2s/common/CommonPongC2SPacket;Lorg/spongepowered/asm/mixin/injection/callback/CallbackInfo;)V doesn't use it's CallbackInfo
[18:58:53] [main/DEBUG] (FabricLoader/Mixin) fabric-networking-api-v1.mixins.json:ServerCommonNetworkHandlerMixin from mod fabric-networking-api-v1->@Inject::onPlayPong(Lnet/minecraft/network/packet/c2s/common/CommonPongC2SPacket;Lorg/spongepowered/asm/mixin/injection/callback/CallbackInfo;)V has 0 override(s) in child classes
[18:58:53] [main/DEBUG] (FabricLoader/Mixin) fabric-networking-api-v1.mixins.json:ServerCommonNetworkHandlerMixin from mod fabric-networking-api-v1->@Inject::onPlayPong(Lnet/minecraft/network/packet/c2s/common/CommonPongC2SPacket;Lorg/spongepowered/asm/mixin/injection/callback/CallbackInfo;)V won't be passed a CallbackInfo as a result
[18:58:53] [main/DEBUG] (FabricLoader/Mixin) Mixing NetworkStateInternalPacketHandlerMixin from fabric-networking-api-v1.mixins.json into net.minecraft.network.NetworkState$InternalPacketHandler
[18:58:53] [main/DEBUG] (FabricLoader/Mixin) Renaming synthetic method lambda$replaceCustomPayloadFactory$1(Lnet/minecraft/network/PacketByteBuf;)Lnet/minecraft/network/packet/Packet; to md5fa9cc$fabric-networking-api-v1$lambda$replaceCustomPayloadFactory$1$0 in fabric-networking-api-v1.mixins.json:NetworkStateInternalPacketHandlerMixin from mod fabric-networking-api-v1
[18:58:53] [main/DEBUG] (FabricLoader/Mixin) Renaming synthetic method lambda$replaceCustomPayloadFactory$0(Lnet/minecraft/network/PacketByteBuf;)Lnet/minecraft/network/packet/Packet; to md5fa9cc$fabric-networking-api-v1$lambda$replaceCustomPayloadFactory$0$1 in fabric-networking-api-v1.mixins.json:NetworkStateInternalPacketHandlerMixin from mod fabric-networking-api-v1
[18:58:53] [main/DEBUG] (FabricLoader/Mixin) Mixing CustomPayloadC2SPacketMixin from fabric-networking-api-v1.mixins.json into net.minecraft.network.packet.c2s.common.CustomPayloadC2SPacket
[18:58:53] [main/DEBUG] (FabricLoader/Mixin) fabric-networking-api-v1.mixins.json:CustomPayloadC2SPacketMixin from mod fabric-networking-api-v1->@Inject::readPayload(Lnet/minecraft/util/Identifier;Lnet/minecraft/network/PacketByteBuf;Lorg/spongepowered/asm/mixin/injection/callback/CallbackInfoReturnable;)V does use it's CallbackInfoReturnable
[18:58:53] [main/DEBUG] (FabricLoader/Mixin) Mixing CustomPayloadS2CPacketMixin from fabric-networking-api-v1.mixins.json into net.minecraft.network.packet.s2c.common.CustomPayloadS2CPacket
[18:58:53] [main/DEBUG] (FabricLoader/Mixin) fabric-networking-api-v1.mixins.json:CustomPayloadS2CPacketMixin from mod fabric-networking-api-v1->@Inject::readPayload(Lnet/minecraft/util/Identifier;Lnet/minecraft/network/PacketByteBuf;Lorg/spongepowered/asm/mixin/injection/callback/CallbackInfoReturnable;)V does use it's CallbackInfoReturnable
[18:58:53] [main/DEBUG] (FabricLoader/Mixin) Mixing BlockEntityUpdateS2CPacketMixin from fabric-data-attachment-api-v1.mixins.json into net.minecraft.network.packet.s2c.play.BlockEntityUpdateS2CPacket
[18:58:53] [main/DEBUG] (FabricLoader/Mixin) Renaming synthetic method lambda$stripPersistentAttachmentData$0(Ljava/util/function/Function;Lnet/minecraft/block/entity/BlockEntity;)Lnet/minecraft/nbt/NbtCompound; to md5fa9cc$fabric-data-attachment-api-v1$lambda$stripPersistentAttachmentData$0$0 in fabric-data-attachment-api-v1.mixins.json:BlockEntityUpdateS2CPacketMixin from mod fabric-data-attachment-api-v1
[18:58:53] [main/DEBUG] (FabricLoader/Mixin) Mixing LoginQueryRequestS2CPacketMixin from fabric-networking-api-v1.mixins.json into net.minecraft.network.packet.s2c.login.LoginQueryRequestS2CPacket
[18:58:53] [main/DEBUG] (FabricLoader/Mixin) fabric-networking-api-v1.mixins.json:LoginQueryRequestS2CPacketMixin from mod fabric-networking-api-v1->@Inject::readPayload(Lnet/minecraft/util/Identifier;Lnet/minecraft/network/PacketByteBuf;Lorg/spongepowered/asm/mixin/injection/callback/CallbackInfoReturnable;)V does use it's CallbackInfoReturnable
[18:58:53] [main/DEBUG] (FabricLoader/Mixin) Mixing LoginQueryResponseC2SPacketMixin from fabric-networking-api-v1.mixins.json into net.minecraft.network.packet.c2s.login.LoginQueryResponseC2SPacket
[18:58:53] [main/DEBUG] (FabricLoader/Mixin) fabric-networking-api-v1.mixins.json:LoginQueryResponseC2SPacketMixin from mod fabric-networking-api-v1->@Inject::readResponse(ILnet/minecraft/network/PacketByteBuf;Lorg/spongepowered/asm/mixin/injection/callback/CallbackInfoReturnable;)V does use it's CallbackInfoReturnable
[18:58:53] [main/INFO] (fabric-networking-api-v1) Force Packet Serialization is enabled to mimic remote connection on single player, this is the default behaviour on dev env. Add -Dfabric-api.networking.force-packet-serialization=false JVM arg to disable it.
[18:58:53] [main/DEBUG] (FabricLoader/Mixin) Mixing LiftMixin from liftbatch.mixins.json into org.mtr.core.data.Lift
[18:58:53] [main/DEBUG] (FabricLoader/Mixin) Mixing LiftSchemaMixin from liftbatch.mixins.json into org.mtr.core.generated.data.LiftSchema
[18:58:53] [main/DEBUG] (FabricLoader/Mixin) Renaming synthetic method lambda$liftbatch$readSpeed$0(D)V to md5fa9cc$liftbatch$lambda$liftbatch$readSpeed$0$0 in liftbatch.mixins.json:LiftSchemaMixin from mod liftbatch
[18:58:53] [main/DEBUG] (FabricLoader/Mixin) liftbatch.mixins.json:LiftSchemaMixin from mod liftbatch->@Inject::liftbatch$readSpeed(Lorg/mtr/core/serializer/ReaderBase;Lorg/spongepowered/asm/mixin/injection/callback/CallbackInfo;)V doesn't use it's CallbackInfo
[18:58:53] [main/DEBUG] (FabricLoader/Mixin) liftbatch.mixins.json:LiftSchemaMixin from mod liftbatch->@Inject::liftbatch$readSpeed(Lorg/mtr/core/serializer/ReaderBase;Lorg/spongepowered/asm/mixin/injection/callback/CallbackInfo;)V has 0 override(s) in child classes
[18:58:53] [main/DEBUG] (FabricLoader/Mixin) liftbatch.mixins.json:LiftSchemaMixin from mod liftbatch->@Inject::liftbatch$readSpeed(Lorg/mtr/core/serializer/ReaderBase;Lorg/spongepowered/asm/mixin/injection/callback/CallbackInfo;)V won't be passed a CallbackInfo as a result
[18:58:53] [main/DEBUG] (FabricLoader/Mixin) liftbatch.mixins.json:LiftSchemaMixin from mod liftbatch->@Inject::liftbatch$writeSpeed(Lorg/mtr/core/serializer/WriterBase;Lorg/spongepowered/asm/mixin/injection/callback/CallbackInfo;)V doesn't use it's CallbackInfo
[18:58:53] [main/DEBUG] (FabricLoader/Mixin) liftbatch.mixins.json:LiftSchemaMixin from mod liftbatch->@Inject::liftbatch$writeSpeed(Lorg/mtr/core/serializer/WriterBase;Lorg/spongepowered/asm/mixin/injection/callback/CallbackInfo;)V has 0 override(s) in child classes
[18:58:53] [main/DEBUG] (FabricLoader/Mixin) liftbatch.mixins.json:LiftSchemaMixin from mod liftbatch->@Inject::liftbatch$writeSpeed(Lorg/mtr/core/serializer/WriterBase;Lorg/spongepowered/asm/mixin/injection/callback/CallbackInfo;)V won't be passed a CallbackInfo as a result
[18:58:53] [main/INFO] (liftbatch) MTR lift hook: org.mtr.core.data.Lift
[18:58:53] [main/INFO] (liftbatch) MTR Lift Batch Helper initialized
[18:58:53] [main/DEBUG] (FabricLoader/Mixin) Mixing ServerConfigurationNetworkHandlerMixin from fabric-networking-api-v1.mixins.json into net.minecraft.server.network.ServerConfigurationNetworkHandler
[18:58:53] [main/DEBUG] (FabricLoader/Mixin) fabric-networking-api-v1.mixins.json:ServerConfigurationNetworkHandlerMixin from mod fabric-networking-api-v1->@Inject::initAddon(Lorg/spongepowered/asm/mixin/injection/callback/CallbackInfo;)V doesn't use it's CallbackInfo
[18:58:53] [main/DEBUG] (FabricLoader/Mixin) fabric-networking-api-v1.mixins.json:ServerConfigurationNetworkHandlerMixin from mod fabric-networking-api-v1->@Inject::initAddon(Lorg/spongepowered/asm/mixin/injection/callback/CallbackInfo;)V has 0 override(s) in child classes
[18:58:53] [main/DEBUG] (FabricLoader/Mixin) fabric-networking-api-v1.mixins.json:ServerConfigurationNetworkHandlerMixin from mod fabric-networking-api-v1->@Inject::initAddon(Lorg/spongepowered/asm/mixin/injection/callback/CallbackInfo;)V won't be passed a CallbackInfo as a result
[18:58:53] [main/DEBUG] (FabricLoader/Mixin) fabric-networking-api-v1.mixins.json:ServerConfigurationNetworkHandlerMixin from mod fabric-networking-api-v1->@Inject::onClientReady(Lorg/spongepowered/asm/mixin/injection/callback/CallbackInfo;)V does use it's CallbackInfo
[18:58:53] [main/DEBUG] (FabricLoader/Entrypoint) No subscribers for entrypoint 'server'
[18:58:53] [main/DEBUG] (FabricLoader/Mixin) Mixing ServerPropertiesHandlerMixin from fabric-resource-loader-v0.mixins.json into net.minecraft.server.dedicated.ServerPropertiesHandler
[18:58:54] [main/DEBUG] (FabricLoader/Mixin) Mixing ResourcePackProfileMixin from fabric-resource-loader-v0.mixins.json into net.minecraft.resource.ResourcePackProfile
[18:58:54] [main/DEBUG] (FabricLoader/Mixin) Renaming synthetic method lambda$static$0(Ljava/util/Set;)Z to md5fa9cc$fabric-resource-loader-v0$lambda$static$0$0 in fabric-resource-loader-v0.mixins.json:ResourcePackProfileMixin from mod fabric-resource-loader-v0
[18:58:54] [main/DEBUG] (FabricLoader/Mixin) fabric-resource-loader-v0.mixins.json:ResourcePackProfileMixin from mod fabric-resource-loader-v0->@Inject::onCreateResourcePack(Lorg/spongepowered/asm/mixin/injection/callback/CallbackInfoReturnable;)V does use it's CallbackInfoReturnable
[18:58:54] [main/INFO] (com.mojang.authlib.yggdrasil.YggdrasilAuthenticationService) Environment: Environment[sessionHost=https://sessionserver.mojang.com, servicesHost=https://api.minecraftservices.com, name=PROD]
[18:58:54] [Yggdrasil Key Fetcher/DEBUG] (com.mojang.authlib.minecraft.client.MinecraftClient) Connecting to https://api.minecraftservices.com/publickeys
[18:58:54] [main/DEBUG] (FabricLoader/Mixin) Mixing GameRulesAccessor from fabric-game-rule-api-v1.mixins.json into net.minecraft.world.GameRules
[18:58:54] [main/DEBUG] (FabricLoader/Mixin) Renaming @Invoker method callRegister(Ljava/lang/String;Lnet/minecraft/world/GameRules$Category;Lnet/minecraft/world/GameRules$Type;)Lnet/minecraft/world/GameRules$Key; to callRegister$fabric-game-rule-api-v1_$md$5fa9cc$0 in fabric-game-rule-api-v1.mixins.json:GameRulesAccessor from mod fabric-game-rule-api-v1
[18:58:54] [main/DEBUG] (FabricLoader/Mixin) Renaming @Accessor method getRuleTypes()Ljava/util/Map; to getRuleTypes$fabric-game-rule-api-v1_$md$5fa9cc$1 in fabric-game-rule-api-v1.mixins.json:GameRulesAccessor from mod fabric-game-rule-api-v1
[18:58:54] [main/DEBUG] (FabricLoader/Mixin) Mixing GameRulesKeyMixin from fabric-game-rule-api-v1.mixins.json into net.minecraft.world.GameRules$Key
[18:58:54] [main/DEBUG] (FabricLoader/Mixin) Mixing GameRulesBooleanRuleAccessor from fabric-game-rule-api-v1.mixins.json into net.minecraft.world.GameRules$BooleanRule
[18:58:54] [main/DEBUG] (FabricLoader/Mixin) Renaming @Invoker method invokeCreate(ZLjava/util/function/BiConsumer;)Lnet/minecraft/world/GameRules$Type; to invokeCreate$fabric-game-rule-api-v1_$md$5fa9cc$0 in fabric-game-rule-api-v1.mixins.json:GameRulesBooleanRuleAccessor from mod fabric-game-rule-api-v1
[18:58:54] [main/DEBUG] (FabricLoader/Mixin) Mixing GameRulesIntRuleAccessor from fabric-game-rule-api-v1.mixins.json into net.minecraft.world.GameRules$IntRule
[18:58:54] [main/DEBUG] (FabricLoader/Mixin) Mixing ResourcePackManagerMixin from fabric-resource-loader-v0.mixins.json into net.minecraft.resource.ResourcePackManager
[18:58:54] [main/DEBUG] (FabricLoader/Mixin) Renaming synthetic method lambda$handleAutoDisable$0(Ljava/util/Set;Lnet/minecraft/resource/ResourcePackProfile;)Z to md5fa9cc$fabric-resource-loader-v0$lambda$handleAutoDisable$0$0 in fabric-resource-loader-v0.mixins.json:ResourcePackManagerMixin from mod fabric-resource-loader-v0
[18:58:54] [main/DEBUG] (FabricLoader/Mixin) fabric-resource-loader-v0.mixins.json:ResourcePackManagerMixin from mod fabric-resource-loader-v0->@Inject::construct([Lnet/minecraft/resource/ResourcePackProvider;Lorg/spongepowered/asm/mixin/injection/callback/CallbackInfo;)V doesn't use it's CallbackInfo
[18:58:54] [main/DEBUG] (FabricLoader/Mixin) fabric-resource-loader-v0.mixins.json:ResourcePackManagerMixin from mod fabric-resource-loader-v0->@Inject::construct([Lnet/minecraft/resource/ResourcePackProvider;Lorg/spongepowered/asm/mixin/injection/callback/CallbackInfo;)V has 0 override(s) in child classes
[18:58:54] [main/DEBUG] (FabricLoader/Mixin) fabric-resource-loader-v0.mixins.json:ResourcePackManagerMixin from mod fabric-resource-loader-v0->@Inject::construct([Lnet/minecraft/resource/ResourcePackProvider;Lorg/spongepowered/asm/mixin/injection/callback/CallbackInfo;)V won't be passed a CallbackInfo as a result
[18:58:54] [main/DEBUG] (FabricLoader/Mixin) fabric-resource-loader-v0.mixins.json:ResourcePackManagerMixin from mod fabric-resource-loader-v0->@Inject::handleAutoEnableDisable(Ljava/util/Collection;Lorg/spongepowered/asm/mixin/injection/callback/CallbackInfoReturnable;)V doesn't use it's CallbackInfoReturnable
[18:58:54] [main/DEBUG] (FabricLoader/Mixin) fabric-resource-loader-v0.mixins.json:ResourcePackManagerMixin from mod fabric-resource-loader-v0->@Inject::handleAutoEnableDisable(Ljava/util/Collection;Lorg/spongepowered/asm/mixin/injection/callback/CallbackInfoReturnable;)V has 0 override(s) in child classes
[18:58:54] [main/DEBUG] (FabricLoader/Mixin) fabric-resource-loader-v0.mixins.json:ResourcePackManagerMixin from mod fabric-resource-loader-v0->@Inject::handleAutoEnableDisable(Ljava/util/Collection;Lorg/spongepowered/asm/mixin/injection/callback/CallbackInfoReturnable;)V won't be passed a CallbackInfoReturnable as a result
[18:58:54] [main/DEBUG] (FabricLoader/Mixin) fabric-resource-loader-v0.mixins.json:ResourcePackManagerMixin from mod fabric-resource-loader-v0->@Inject::handleAutoEnable(Ljava/lang/String;Lorg/spongepowered/asm/mixin/injection/callback/CallbackInfoReturnable;)V doesn't use it's CallbackInfoReturnable
[18:58:54] [main/DEBUG] (FabricLoader/Mixin) fabric-resource-loader-v0.mixins.json:ResourcePackManagerMixin from mod fabric-resource-loader-v0->@Inject::handleAutoEnable(Ljava/lang/String;Lorg/spongepowered/asm/mixin/injection/callback/CallbackInfoReturnable;)V has 0 override(s) in child classes
[18:58:54] [main/DEBUG] (FabricLoader/Mixin) fabric-resource-loader-v0.mixins.json:ResourcePackManagerMixin from mod fabric-resource-loader-v0->@Inject::handleAutoEnable(Ljava/lang/String;Lorg/spongepowered/asm/mixin/injection/callback/CallbackInfoReturnable;)V won't be passed a CallbackInfoReturnable as a result
[18:58:54] [main/DEBUG] (FabricLoader/Mixin) fabric-resource-loader-v0.mixins.json:ResourcePackManagerMixin from mod fabric-resource-loader-v0->@Inject::handleAutoDisable(Ljava/lang/String;Lorg/spongepowered/asm/mixin/injection/callback/CallbackInfoReturnable;)V doesn't use it's CallbackInfoReturnable
[18:58:54] [main/DEBUG] (FabricLoader/Mixin) fabric-resource-loader-v0.mixins.json:ResourcePackManagerMixin from mod fabric-resource-loader-v0->@Inject::handleAutoDisable(Ljava/lang/String;Lorg/spongepowered/asm/mixin/injection/callback/CallbackInfoReturnable;)V has 0 override(s) in child classes
[18:58:54] [main/DEBUG] (FabricLoader/Mixin) fabric-resource-loader-v0.mixins.json:ResourcePackManagerMixin from mod fabric-resource-loader-v0->@Inject::handleAutoDisable(Ljava/lang/String;Lorg/spongepowered/asm/mixin/injection/callback/CallbackInfoReturnable;)V won't be passed a CallbackInfoReturnable as a result
[18:58:54] [main/DEBUG] (FabricLoader/Mixin) Mixing DataPackContentsMixin from fabric-lifecycle-events-v1.mixins.json into net.minecraft.server.DataPackContents
[18:58:54] [main/DEBUG] (FabricLoader/Mixin) Mixing DataPackContentsMixin from fabric-resource-conditions-api-v1.mixins.json into net.minecraft.server.DataPackContents
[18:58:54] [main/DEBUG] (FabricLoader/Mixin) fabric-lifecycle-events-v1.mixins.json:DataPackContentsMixin from mod fabric-lifecycle-events-v1->@Inject::hookRefresh(Lnet/minecraft/registry/DynamicRegistryManager;Lorg/spongepowered/asm/mixin/injection/callback/CallbackInfo;)V doesn't use it's CallbackInfo
[18:58:54] [main/DEBUG] (FabricLoader/Mixin) fabric-lifecycle-events-v1.mixins.json:DataPackContentsMixin from mod fabric-lifecycle-events-v1->@Inject::hookRefresh(Lnet/minecraft/registry/DynamicRegistryManager;Lorg/spongepowered/asm/mixin/injection/callback/CallbackInfo;)V has 0 override(s) in child classes
[18:58:54] [main/DEBUG] (FabricLoader/Mixin) fabric-lifecycle-events-v1.mixins.json:DataPackContentsMixin from mod fabric-lifecycle-events-v1->@Inject::hookRefresh(Lnet/minecraft/registry/DynamicRegistryManager;Lorg/spongepowered/asm/mixin/injection/callback/CallbackInfo;)V won't be passed a CallbackInfo as a result
[18:58:54] [main/DEBUG] (FabricLoader/Mixin) fabric-resource-conditions-api-v1.mixins.json:DataPackContentsMixin from mod fabric-resource-conditions-api-v1->@Inject::hookRefresh(Lnet/minecraft/registry/DynamicRegistryManager;Lorg/spongepowered/asm/mixin/injection/callback/CallbackInfo;)V doesn't use it's CallbackInfo
[18:58:54] [main/DEBUG] (FabricLoader/Mixin) fabric-resource-conditions-api-v1.mixins.json:DataPackContentsMixin from mod fabric-resource-conditions-api-v1->@Inject::hookRefresh(Lnet/minecraft/registry/DynamicRegistryManager;Lorg/spongepowered/asm/mixin/injection/callback/CallbackInfo;)V has 0 override(s) in child classes
[18:58:54] [main/DEBUG] (FabricLoader/Mixin) fabric-resource-conditions-api-v1.mixins.json:DataPackContentsMixin from mod fabric-resource-conditions-api-v1->@Inject::hookRefresh(Lnet/minecraft/registry/DynamicRegistryManager;Lorg/spongepowered/asm/mixin/injection/callback/CallbackInfo;)V won't be passed a CallbackInfo as a result
[18:58:54] [main/DEBUG] (FabricLoader/Mixin) fabric-resource-conditions-api-v1.mixins.json:DataPackContentsMixin from mod fabric-resource-conditions-api-v1->@Inject::hookReload(Lnet/minecraft/resource/ResourceManager;Lnet/minecraft/registry/DynamicRegistryManager$Immutable;Lnet/minecraft/resource/featuretoggle/FeatureSet;Lnet/minecraft/server/command/CommandManager$RegistrationEnvironment;ILjava/util/concurrent/Executor;Ljava/util/concurrent/Executor;Lorg/spongepowered/asm/mixin/injection/callback/CallbackInfoReturnable;)V doesn't use it's CallbackInfoReturnable
[18:58:54] [main/DEBUG] (FabricLoader/Mixin) Mixing SaveLoadingMixin from fabric-registry-sync-v0.mixins.json into net.minecraft.server.SaveLoading
[18:58:54] [main/DEBUG] (FabricLoader/Mixin) Mixing ServerPlayerInteractionManagerMixin from fabric-events-interaction-v0.mixins.json into net.minecraft.server.network.ServerPlayerInteractionManager
[18:58:54] [main/DEBUG] (FabricLoader/Mixin) fabric-events-interaction-v0.mixins.json:ServerPlayerInteractionManagerMixin from mod fabric-events-interaction-v0->@Inject::startBlockBreak(Lnet/minecraft/util/math/BlockPos;Lnet/minecraft/network/packet/c2s/play/PlayerActionC2SPacket$Action;Lnet/minecraft/util/math/Direction;IILorg/spongepowered/asm/mixin/injection/callback/CallbackInfo;)V does use it's CallbackInfo
[18:58:54] [main/DEBUG] (FabricLoader/Mixin) fabric-events-interaction-v0.mixins.json:ServerPlayerInteractionManagerMixin from mod fabric-events-interaction-v0->@Inject::interactBlock(Lnet/minecraft/server/network/ServerPlayerEntity;Lnet/minecraft/world/World;Lnet/minecraft/item/ItemStack;Lnet/minecraft/util/Hand;Lnet/minecraft/util/hit/BlockHitResult;Lorg/spongepowered/asm/mixin/injection/callback/CallbackInfoReturnable;)V does use it's CallbackInfoReturnable
[18:58:54] [main/DEBUG] (FabricLoader/Mixin) fabric-events-interaction-v0.mixins.json:ServerPlayerInteractionManagerMixin from mod fabric-events-interaction-v0->@Inject::interactItem(Lnet/minecraft/server/network/ServerPlayerEntity;Lnet/minecraft/world/World;Lnet/minecraft/item/ItemStack;Lnet/minecraft/util/Hand;Lorg/spongepowered/asm/mixin/injection/callback/CallbackInfoReturnable;)V does use it's CallbackInfoReturnable
[18:58:54] [main/DEBUG] (FabricLoader/Mixin) fabric-events-interaction-v0.mixins.json:ServerPlayerInteractionManagerMixin from mod fabric-events-interaction-v0->@Inject::breakBlock(Lnet/minecraft/util/math/BlockPos;Lorg/spongepowered/asm/mixin/injection/callback/CallbackInfoReturnable;Lnet/minecraft/block/entity/BlockEntity;Lnet/minecraft/block/Block;Lnet/minecraft/block/BlockState;)V does use it's CallbackInfoReturnable
[18:58:54] [main/DEBUG] (FabricLoader/Mixin) fabric-events-interaction-v0.mixins.json:ServerPlayerInteractionManagerMixin from mod fabric-events-interaction-v0->@Inject::onBlockBroken(Lnet/minecraft/util/math/BlockPos;Lorg/spongepowered/asm/mixin/injection/callback/CallbackInfoReturnable;Lnet/minecraft/block/entity/BlockEntity;Lnet/minecraft/block/Block;Lnet/minecraft/block/BlockState;Z)V doesn't use it's CallbackInfoReturnable
[18:58:54] [main/DEBUG] (FabricLoader/Mixin) fabric-events-interaction-v0.mixins.json:ServerPlayerInteractionManagerMixin from mod fabric-events-interaction-v0->@Inject::onBlockBroken(Lnet/minecraft/util/math/BlockPos;Lorg/spongepowered/asm/mixin/injection/callback/CallbackInfoReturnable;Lnet/minecraft/block/entity/BlockEntity;Lnet/minecraft/block/Block;Lnet/minecraft/block/BlockState;Z)V has 0 override(s) in child classes
[18:58:54] [main/DEBUG] (FabricLoader/Mixin) fabric-events-interaction-v0.mixins.json:ServerPlayerInteractionManagerMixin from mod fabric-events-interaction-v0->@Inject::onBlockBroken(Lnet/minecraft/util/math/BlockPos;Lorg/spongepowered/asm/mixin/injection/callback/CallbackInfoReturnable;Lnet/minecraft/block/entity/BlockEntity;Lnet/minecraft/block/Block;Lnet/minecraft/block/BlockState;Z)V won't be passed a CallbackInfoReturnable as a result
[18:58:54] [main/DEBUG] (net.fabricmc.fabric.impl.resource.loader.ModResourcePackUtil) [Fabric] Starting internal pack sorting with: [fabric, fabric-convention-tags-v1, fabric-gametest-api-v1, liftbatch, mtr]
[18:58:54] [main/DEBUG] (net.fabricmc.fabric.impl.resource.loader.ModResourcePackUtil) [Fabric] Removed all internal packs, result: [fabric]
[18:58:54] [main/DEBUG] (net.fabricmc.fabric.impl.resource.loader.ModResourcePackUtil) [Fabric] cur @ fabric, auto-enabled fabric-convention-tags-v1, currently enabled: [fabric, fabric-convention-tags-v1]
[18:58:54] [main/DEBUG] (net.fabricmc.fabric.impl.resource.loader.ModResourcePackUtil) [Fabric] cur @ fabric, auto-enabled fabric-gametest-api-v1, currently enabled: [fabric, fabric-convention-tags-v1, fabric-gametest-api-v1]
[18:58:54] [main/DEBUG] (net.fabricmc.fabric.impl.resource.loader.ModResourcePackUtil) [Fabric] cur @ fabric, auto-enabled liftbatch, currently enabled: [fabric, fabric-convention-tags-v1, fabric-gametest-api-v1, liftbatch]
[18:58:54] [main/DEBUG] (net.fabricmc.fabric.impl.resource.loader.ModResourcePackUtil) [Fabric] cur @ fabric, auto-enabled mtr, currently enabled: [fabric, fabric-convention-tags-v1, fabric-gametest-api-v1, liftbatch, mtr]
[18:58:54] [main/DEBUG] (net.fabricmc.fabric.impl.resource.loader.ModResourcePackUtil) [Fabric] Final sorting result: [fabric, fabric-convention-tags-v1, fabric-gametest-api-v1, liftbatch, mtr]
[18:58:54] [main/DEBUG] (net.fabricmc.fabric.impl.resource.loader.ModResourcePackUtil) [Fabric] Starting internal pack sorting with: [vanilla, fabric, fabric-convention-tags-v1, fabric-gametest-api-v1, liftbatch, mtr]
[18:58:54] [main/DEBUG] (net.fabricmc.fabric.impl.resource.loader.ModResourcePackUtil) [Fabric] Removed all internal packs, result: [vanilla, fabric]
[18:58:54] [main/DEBUG] (net.fabricmc.fabric.impl.resource.loader.ModResourcePackUtil) [Fabric] cur @ fabric, auto-enabled fabric-convention-tags-v1, currently enabled: [vanilla, fabric, fabric-convention-tags-v1]
[18:58:54] [main/DEBUG] (net.fabricmc.fabric.impl.resource.loader.ModResourcePackUtil) [Fabric] cur @ fabric, auto-enabled fabric-gametest-api-v1, currently enabled: [vanilla, fabric, fabric-convention-tags-v1, fabric-gametest-api-v1]
[18:58:54] [main/DEBUG] (net.fabricmc.fabric.impl.resource.loader.ModResourcePackUtil) [Fabric] cur @ fabric, auto-enabled liftbatch, currently enabled: [vanilla, fabric, fabric-convention-tags-v1, fabric-gametest-api-v1, liftbatch]
[18:58:54] [main/DEBUG] (net.fabricmc.fabric.impl.resource.loader.ModResourcePackUtil) [Fabric] cur @ fabric, auto-enabled mtr, currently enabled: [vanilla, fabric, fabric-convention-tags-v1, fabric-gametest-api-v1, liftbatch, mtr]
[18:58:54] [main/DEBUG] (net.fabricmc.fabric.impl.resource.loader.ModResourcePackUtil) [Fabric] Final sorting result: [vanilla, fabric, fabric-convention-tags-v1, fabric-gametest-api-v1, liftbatch, mtr]
[18:58:54] [main/DEBUG] (FabricLoader/Mixin) Mixing LifecycledResourceManagerImplMixin from fabric-resource-loader-v0.mixins.json into net.minecraft.resource.LifecycledResourceManagerImpl
[18:58:54] [main/DEBUG] (FabricLoader/Mixin) fabric-resource-loader-v0.mixins.json:LifecycledResourceManagerImplMixin from mod fabric-resource-loader-v0->@Inject::init(Lnet/minecraft/resource/ResourceType;Ljava/util/List;Lorg/spongepowered/asm/mixin/injection/callback/CallbackInfo;)V doesn't use it's CallbackInfo
[18:58:54] [main/DEBUG] (FabricLoader/Mixin) fabric-resource-loader-v0.mixins.json:LifecycledResourceManagerImplMixin from mod fabric-resource-loader-v0->@Inject::init(Lnet/minecraft/resource/ResourceType;Ljava/util/List;Lorg/spongepowered/asm/mixin/injection/callback/CallbackInfo;)V has 0 override(s) in child classes
[18:58:54] [main/DEBUG] (FabricLoader/Mixin) fabric-resource-loader-v0.mixins.json:LifecycledResourceManagerImplMixin from mod fabric-resource-loader-v0->@Inject::init(Lnet/minecraft/resource/ResourceType;Ljava/util/List;Lorg/spongepowered/asm/mixin/injection/callback/CallbackInfo;)V won't be passed a CallbackInfo as a result
[18:58:54] [main/DEBUG] (FabricLoader/Mixin) Mixing modification.DynamicRegistryManagerImmutableImplMixin from fabric-biome-api-v1.mixins.json into net.minecraft.registry.DynamicRegistryManager$ImmutableImpl
[18:58:54] [main/DEBUG] (FabricLoader/Mixin) Mixing RegistryLoaderMixin from fabric-registry-sync-v0.mixins.json into net.minecraft.registry.RegistryLoader
[18:58:54] [main/DEBUG] (FabricLoader/Mixin) fabric-registry-sync-v0.mixins.json:RegistryLoaderMixin from mod fabric-registry-sync-v0->@Inject::beforeLoad(Lnet/minecraft/resource/ResourceManager;Lnet/minecraft/registry/DynamicRegistryManager;Ljava/util/List;Lorg/spongepowered/asm/mixin/injection/callback/CallbackInfoReturnable;Ljava/util/Map;Ljava/util/List;Lnet/minecraft/registry/RegistryOps$RegistryInfoGetter;)V doesn't use it's CallbackInfoReturnable
[18:58:54] [main/DEBUG] (FabricLoader/Mixin) fabric-registry-sync-v0.mixins.json:RegistryLoaderMixin from mod fabric-registry-sync-v0->@Inject::prependDirectoryWithNamespace(Lnet/minecraft/util/Identifier;Lorg/spongepowered/asm/mixin/injection/callback/CallbackInfoReturnable;)V does use it's CallbackInfoReturnable
[18:58:54] [main/DEBUG] (FabricLoader/Mixin) Mixing ResourceMixin from fabric-resource-loader-v0.mixins.json into net.minecraft.resource.Resource
[18:58:55] [main/DEBUG] (FabricLoader/Mixin) Mixing KeyedResourceReloadListenerMixin from fabric-resource-loader-v0.mixins.json into net.minecraft.recipe.RecipeManager
[18:58:55] [main/DEBUG] (FabricLoader/Mixin) Mixing JsonDataLoaderMixin from fabric-resource-conditions-api-v1.mixins.json into net.minecraft.resource.JsonDataLoader
[18:58:55] [main/DEBUG] (FabricLoader/Mixin) Mixing SinglePreparationResourceReloaderMixin from fabric-resource-conditions-api-v1.mixins.json into net.minecraft.resource.SinglePreparationResourceReloader
[18:58:55] [main/DEBUG] (FabricLoader/Mixin) fabric-resource-conditions-api-v1.mixins.json:SinglePreparationResourceReloaderMixin from mod fabric-resource-conditions-api-v1->@Inject::applyResourceConditions(Lnet/minecraft/resource/ResourceManager;Lnet/minecraft/util/profiler/Profiler;Ljava/lang/Object;Lorg/spongepowered/asm/mixin/injection/callback/CallbackInfo;)V doesn't use it's CallbackInfo
[18:58:55] [main/DEBUG] (FabricLoader/Mixin) fabric-resource-conditions-api-v1.mixins.json:SinglePreparationResourceReloaderMixin from mod fabric-resource-conditions-api-v1->@Inject::applyResourceConditions(Lnet/minecraft/resource/ResourceManager;Lnet/minecraft/util/profiler/Profiler;Ljava/lang/Object;Lorg/spongepowered/asm/mixin/injection/callback/CallbackInfo;)V has 0 override(s) in child classes
[18:58:55] [main/DEBUG] (FabricLoader/Mixin) fabric-resource-conditions-api-v1.mixins.json:SinglePreparationResourceReloaderMixin from mod fabric-resource-conditions-api-v1->@Inject::applyResourceConditions(Lnet/minecraft/resource/ResourceManager;Lnet/minecraft/util/profiler/Profiler;Ljava/lang/Object;Lorg/spongepowered/asm/mixin/injection/callback/CallbackInfo;)V won't be passed a CallbackInfo as a result
[18:58:55] [main/DEBUG] (FabricLoader/Mixin) Mixing LootManagerMixin from fabric-loot-api-v2.mixins.json into net.minecraft.loot.LootManager
[18:58:55] [main/DEBUG] (FabricLoader/Mixin) Renaming synthetic method lambda$applyLootTableEvents$1(Lcom/google/common/collect/ImmutableMap$Builder;Lnet/minecraft/resource/ResourceManager;Lnet/minecraft/loot/LootManager;Lnet/minecraft/loot/LootDataKey;Ljava/lang/Object;)V to md5fa9cc$fabric-loot-api-v2$lambda$applyLootTableEvents$1$0 in fabric-loot-api-v2.mixins.json:LootManagerMixin from mod fabric-loot-api-v2
[18:58:55] [main/DEBUG] (FabricLoader/Mixin) Renaming synthetic method lambda$reload$0(Lnet/minecraft/resource/ResourceManager;Lnet/minecraft/loot/LootManager;)V to md5fa9cc$fabric-loot-api-v2$lambda$reload$0$1 in fabric-loot-api-v2.mixins.json:LootManagerMixin from mod fabric-loot-api-v2
[18:58:55] [main/DEBUG] (FabricLoader/Mixin) Mixing KeyedResourceReloadListenerMixin from fabric-resource-loader-v0.mixins.json into net.minecraft.loot.LootManager
[18:58:55] [main/DEBUG] (FabricLoader/Mixin) Mixing LootManagerMixin from fabric-resource-conditions-api-v1.mixins.json into net.minecraft.loot.LootManager
[18:58:55] [main/DEBUG] (FabricLoader/Mixin) fabric-loot-api-v2.mixins.json:LootManagerMixin from mod fabric-loot-api-v2->@Inject::reload(Lnet/minecraft/resource/ResourceReloader$Synchronizer;Lnet/minecraft/resource/ResourceManager;Lnet/minecraft/util/profiler/Profiler;Lnet/minecraft/util/profiler/Profiler;Ljava/util/concurrent/Executor;Ljava/util/concurrent/Executor;Lorg/spongepowered/asm/mixin/injection/callback/CallbackInfoReturnable;)V does use it's CallbackInfoReturnable
[18:58:55] [main/DEBUG] (FabricLoader/Mixin) fabric-resource-conditions-api-v1.mixins.json:LootManagerMixin from mod fabric-resource-conditions-api-v1->@Inject::load(Lnet/minecraft/loot/LootDataType;Lnet/minecraft/resource/ResourceManager;Ljava/util/concurrent/Executor;Ljava/util/Map;Lorg/spongepowered/asm/mixin/injection/callback/CallbackInfoReturnable;Ljava/util/Map;)V doesn't use it's CallbackInfoReturnable
[18:58:55] [main/DEBUG] (FabricLoader/Mixin) fabric-resource-conditions-api-v1.mixins.json:LootManagerMixin from mod fabric-resource-conditions-api-v1->@Inject::runAsync(Lnet/minecraft/resource/ResourceManager;Lnet/minecraft/loot/LootDataType;Ljava/util/Map;Lorg/spongepowered/asm/mixin/injection/callback/CallbackInfo;)V doesn't use it's CallbackInfo
[18:58:55] [main/DEBUG] (FabricLoader/Mixin) fabric-resource-conditions-api-v1.mixins.json:LootManagerMixin from mod fabric-resource-conditions-api-v1->@Inject::applyResourceConditions(Lnet/minecraft/loot/LootDataType;Ljava/util/Map;Lnet/minecraft/util/Identifier;Lcom/google/gson/JsonElement;Lorg/spongepowered/asm/mixin/injection/callback/CallbackInfo;)V does use it's CallbackInfo
[18:58:55] [main/DEBUG] (FabricLoader/Mixin) fabric-resource-conditions-api-v1.mixins.json:LootManagerMixin from mod fabric-resource-conditions-api-v1->@Inject::runAsyncEnd(Lnet/minecraft/resource/ResourceManager;Lnet/minecraft/loot/LootDataType;Ljava/util/Map;Lorg/spongepowered/asm/mixin/injection/callback/CallbackInfo;)V doesn't use it's CallbackInfo
[18:58:55] [main/DEBUG] (FabricLoader/Mixin) Mixing LootTableAccessor from fabric-loot-api-v2.mixins.json into net.minecraft.loot.LootTable
[18:58:55] [main/DEBUG] (FabricLoader/Mixin) Mixing LootPoolAccessor from fabric-loot-api-v2.mixins.json into net.minecraft.loot.LootPool
[18:58:55] [main/DEBUG] (FabricLoader/Mixin) Mixing KeyedResourceReloadListenerMixin from fabric-resource-loader-v0.mixins.json into net.minecraft.server.ServerAdvancementLoader
[18:58:55] [main/DEBUG] (FabricLoader/Mixin) Mixing TagManagerLoaderMixin from fabric-registry-sync-v0.mixins.json into net.minecraft.registry.tag.TagManagerLoader
[18:58:55] [main/DEBUG] (FabricLoader/Mixin) Mixing KeyedResourceReloadListenerMixin from fabric-resource-loader-v0.mixins.json into net.minecraft.registry.tag.TagManagerLoader
[18:58:55] [main/DEBUG] (FabricLoader/Mixin) Mixing TagManagerLoaderMixin from fabric-resource-conditions-api-v1.mixins.json into net.minecraft.registry.tag.TagManagerLoader
[18:58:55] [main/DEBUG] (FabricLoader/Mixin) fabric-registry-sync-v0.mixins.json:TagManagerLoaderMixin from mod fabric-registry-sync-v0->@Inject::onGetPath(Lnet/minecraft/registry/RegistryKey;Lorg/spongepowered/asm/mixin/injection/callback/CallbackInfoReturnable;)V does use it's CallbackInfoReturnable
[18:58:55] [main/DEBUG] (FabricLoader/Mixin) fabric-resource-conditions-api-v1.mixins.json:TagManagerLoaderMixin from mod fabric-resource-conditions-api-v1->@Inject::hookApply(Ljava/util/List;Ljava/lang/Void;Lorg/spongepowered/asm/mixin/injection/callback/CallbackInfo;)V doesn't use it's CallbackInfo
[18:58:55] [main/DEBUG] (FabricLoader/Mixin) fabric-resource-conditions-api-v1.mixins.json:TagManagerLoaderMixin from mod fabric-resource-conditions-api-v1->@Inject::hookApply(Ljava/util/List;Ljava/lang/Void;Lorg/spongepowered/asm/mixin/injection/callback/CallbackInfo;)V has 0 override(s) in child classes
[18:58:55] [main/DEBUG] (FabricLoader/Mixin) fabric-resource-conditions-api-v1.mixins.json:TagManagerLoaderMixin from mod fabric-resource-conditions-api-v1->@Inject::hookApply(Ljava/util/List;Ljava/lang/Void;Lorg/spongepowered/asm/mixin/injection/callback/CallbackInfo;)V won't be passed a CallbackInfo as a result
[18:58:55] [main/DEBUG] (FabricLoader/Mixin) Mixing CommandManagerMixin from fabric-gametest-api-v1.mixins.json into net.minecraft.server.command.CommandManager
[18:58:55] [main/DEBUG] (FabricLoader/Mixin) Mixing CommandManagerMixin from fabric-networking-api-v1.mixins.json into net.minecraft.server.command.CommandManager
[18:58:55] [main/DEBUG] (FabricLoader/Mixin) Mixing CommandManagerMixin from fabric-command-api-v2.mixins.json into net.minecraft.server.command.CommandManager
[18:58:55] [main/DEBUG] (FabricLoader/Mixin) fabric-gametest-api-v1.mixins.json:CommandManagerMixin from mod fabric-gametest-api-v1->@Inject::construct(Lnet/minecraft/server/command/CommandManager$RegistrationEnvironment;Lnet/minecraft/command/CommandRegistryAccess;Lorg/spongepowered/asm/mixin/injection/callback/CallbackInfo;)V doesn't use it's CallbackInfo
[18:58:55] [main/DEBUG] (FabricLoader/Mixin) fabric-gametest-api-v1.mixins.json:CommandManagerMixin from mod fabric-gametest-api-v1->@Inject::construct(Lnet/minecraft/server/command/CommandManager$RegistrationEnvironment;Lnet/minecraft/command/CommandRegistryAccess;Lorg/spongepowered/asm/mixin/injection/callback/CallbackInfo;)V has 0 override(s) in child classes
[18:58:55] [main/DEBUG] (FabricLoader/Mixin) fabric-gametest-api-v1.mixins.json:CommandManagerMixin from mod fabric-gametest-api-v1->@Inject::construct(Lnet/minecraft/server/command/CommandManager$RegistrationEnvironment;Lnet/minecraft/command/CommandRegistryAccess;Lorg/spongepowered/asm/mixin/injection/callback/CallbackInfo;)V won't be passed a CallbackInfo as a result
[18:58:55] [main/DEBUG] (FabricLoader/Mixin) fabric-networking-api-v1.mixins.json:CommandManagerMixin from mod fabric-networking-api-v1->@Inject::init(Lnet/minecraft/server/command/CommandManager$RegistrationEnvironment;Lnet/minecraft/command/CommandRegistryAccess;Lorg/spongepowered/asm/mixin/injection/callback/CallbackInfo;)V doesn't use it's CallbackInfo
[18:58:55] [main/DEBUG] (FabricLoader/Mixin) fabric-networking-api-v1.mixins.json:CommandManagerMixin from mod fabric-networking-api-v1->@Inject::init(Lnet/minecraft/server/command/CommandManager$RegistrationEnvironment;Lnet/minecraft/command/CommandRegistryAccess;Lorg/spongepowered/asm/mixin/injection/callback/CallbackInfo;)V has 0 override(s) in child classes
[18:58:55] [main/DEBUG] (FabricLoader/Mixin) fabric-networking-api-v1.mixins.json:CommandManagerMixin from mod fabric-networking-api-v1->@Inject::init(Lnet/minecraft/server/command/CommandManager$RegistrationEnvironment;Lnet/minecraft/command/CommandRegistryAccess;Lorg/spongepowered/asm/mixin/injection/callback/CallbackInfo;)V won't be passed a CallbackInfo as a result
[18:58:55] [main/DEBUG] (FabricLoader/Mixin) fabric-command-api-v2.mixins.json:CommandManagerMixin from mod fabric-command-api-v2->@Inject::fabric_addCommands(Lnet/minecraft/server/command/CommandManager$RegistrationEnvironment;Lnet/minecraft/command/CommandRegistryAccess;Lorg/spongepowered/asm/mixin/injection/callback/CallbackInfo;)V doesn't use it's CallbackInfo
[18:58:55] [main/DEBUG] (FabricLoader/Mixin) fabric-command-api-v2.mixins.json:CommandManagerMixin from mod fabric-command-api-v2->@Inject::fabric_addCommands(Lnet/minecraft/server/command/CommandManager$RegistrationEnvironment;Lnet/minecraft/command/CommandRegistryAccess;Lorg/spongepowered/asm/mixin/injection/callback/CallbackInfo;)V has 0 override(s) in child classes
[18:58:55] [main/DEBUG] (FabricLoader/Mixin) fabric-command-api-v2.mixins.json:CommandManagerMixin from mod fabric-command-api-v2->@Inject::fabric_addCommands(Lnet/minecraft/server/command/CommandManager$RegistrationEnvironment;Lnet/minecraft/command/CommandRegistryAccess;Lorg/spongepowered/asm/mixin/injection/callback/CallbackInfo;)V won't be passed a CallbackInfo as a result
[18:58:55] [main/DEBUG] (FabricLoader/Mixin) Mixing DatapackCommandMixin from fabric-resource-loader-v0.mixins.json into net.minecraft.server.command.DatapackCommand
[18:58:55] [main/DEBUG] (FabricLoader/Mixin) Renaming synthetic method lambda$filterDisabledPackSuggestions$2(Lnet/minecraft/resource/ResourcePackProfile;)Z to md5fa9cc$fabric-resource-loader-v0$lambda$filterDisabledPackSuggestions$2$0 in fabric-resource-loader-v0.mixins.json:DatapackCommandMixin from mod fabric-resource-loader-v0
[18:58:55] [main/DEBUG] (FabricLoader/Mixin) Renaming synthetic method lambda$filterEnabledPackSuggestions$1(Lnet/minecraft/resource/ResourcePackProfile;)Z to md5fa9cc$fabric-resource-loader-v0$lambda$filterEnabledPackSuggestions$1$1 in fabric-resource-loader-v0.mixins.json:DatapackCommandMixin from mod fabric-resource-loader-v0
[18:58:55] [main/DEBUG] (FabricLoader/Mixin) Renaming synthetic method lambda$static$0(Ljava/lang/Object;)Lcom/mojang/brigadier/Message; to md5fa9cc$fabric-resource-loader-v0$lambda$static$0$2 in fabric-resource-loader-v0.mixins.json:DatapackCommandMixin from mod fabric-resource-loader-v0
[18:58:55] [main/DEBUG] (FabricLoader/Mixin) fabric-resource-loader-v0.mixins.json:DatapackCommandMixin from mod fabric-resource-loader-v0->@Inject::errorOnInternalPack(Lcom/mojang/brigadier/context/CommandContext;Ljava/lang/String;ZLorg/spongepowered/asm/mixin/injection/callback/CallbackInfoReturnable;)V doesn't use it's CallbackInfoReturnable
[18:58:55] [main/DEBUG] (FabricLoader/Mixin) Mixing EnchantCommandMixin from fabric-item-api-v1.mixins.json into net.minecraft.server.command.EnchantCommand
[18:58:55] [main/DEBUG] (FabricLoader/Mixin) Mixing GameRuleCommandAccessor from fabric-game-rule-api-v1.mixins.json into net.minecraft.server.command.GameRuleCommand
[18:58:55] [main/DEBUG] (FabricLoader/Mixin) Renaming @Invoker method invokeExecuteSet(Lcom/mojang/brigadier/context/CommandContext;Lnet/minecraft/world/GameRules$Key;)I to invokeExecuteSet$fabric-game-rule-api-v1_$md$5fa9cc$0 in fabric-game-rule-api-v1.mixins.json:GameRuleCommandAccessor from mod fabric-game-rule-api-v1
[18:58:55] [main/DEBUG] (FabricLoader/Mixin) Renaming @Invoker method invokeExecuteQuery(Lnet/minecraft/server/command/ServerCommandSource;Lnet/minecraft/world/GameRules$Key;)I to invokeExecuteQuery$fabric-game-rule-api-v1_$md$5fa9cc$1 in fabric-game-rule-api-v1.mixins.json:GameRuleCommandAccessor from mod fabric-game-rule-api-v1
[18:58:55] [main/DEBUG] (FabricLoader/Mixin) Mixing GameRuleCommandVisitorMixin from fabric-game-rule-api-v1.mixins.json into net.minecraft.server.command.GameRuleCommand$1
[18:58:55] [main/DEBUG] (FabricLoader/Mixin) fabric-game-rule-api-v1.mixins.json:GameRuleCommandVisitorMixin from mod fabric-game-rule-api-v1->@Inject::onRegisterCommand(Lnet/minecraft/world/GameRules$Key;Lnet/minecraft/world/GameRules$Type;Lorg/spongepowered/asm/mixin/injection/callback/CallbackInfo;)V does use it's CallbackInfo
[18:58:55] [main/DEBUG] (FabricLoader/Mixin) Mixing HelpCommandAccessor from fabric-command-api-v2.mixins.json into net.minecraft.server.command.HelpCommand
[18:58:55] [main/DEBUG] (FabricLoader/Mixin) Renaming @Accessor method getFailedException()Lcom/mojang/brigadier/exceptions/SimpleCommandExceptionType; to getFailedException$fabric-command-api-v2_$md$5fa9cc$0 in fabric-command-api-v2.mixins.json:HelpCommandAccessor from mod fabric-command-api-v2
[18:58:55] [main/DEBUG] (FabricLoader/Mixin) Mixing KeyedResourceReloadListenerMixin from fabric-resource-loader-v0.mixins.json into net.minecraft.server.function.FunctionLoader
[18:58:55] [main/DEBUG] (FabricLoader/Mixin) Mixing SimpleResourceReloadMixin from fabric-resource-loader-v0.mixins.json into net.minecraft.resource.SimpleResourceReload
[18:58:55] [main/DEBUG] (FabricLoader/Mixin) fabric-resource-loader-v0.mixins.json:SimpleResourceReloadMixin from mod fabric-resource-loader-v0->@Inject::method_40087(Lnet/minecraft/resource/ResourceManager;Ljava/util/List;Ljava/util/concurrent/Executor;Ljava/util/concurrent/Executor;Ljava/util/concurrent/CompletableFuture;ZLorg/spongepowered/asm/mixin/injection/callback/CallbackInfoReturnable;)V doesn't use it's CallbackInfoReturnable
[18:58:55] [Worker-Main-2/ERROR] (net.minecraft.loot.LootDataType) Couldn't parse element loot_tables:mtr:blocks/train_cargo_unloader - Unknown registry key in ResourceKey[minecraft:root / minecraft:item]: mtr:train_cargo_unloader
[18:58:55] [Worker-Main-2/ERROR] (net.minecraft.loot.LootDataType) Couldn't parse element loot_tables:mtr:blocks/train_cargo_loader - Unknown registry key in ResourceKey[minecraft:root / minecraft:item]: mtr:train_cargo_loader
[18:58:55] [main/DEBUG] (FabricLoader/Mixin) Mixing LootTableBuilderMixin from fabric-loot-api-v2.mixins.json into net.minecraft.loot.LootTable$Builder
[18:58:56] [main/INFO] (net.minecraft.recipe.RecipeManager) Loaded 7 recipes
[18:58:56] [main/INFO] (net.minecraft.advancement.AdvancementManager) Loaded 1271 advancements
[18:58:57] [main/DEBUG] (FabricLoader/Mixin) Mixing PlayerManagerMixin from fabric-message-api-v1.mixins.json into net.minecraft.server.PlayerManager
[18:58:57] [main/DEBUG] (FabricLoader/Mixin) Mixing PlayerManagerMixin from fabric-entity-events-v1.mixins.json into net.minecraft.server.PlayerManager
[18:58:57] [main/DEBUG] (FabricLoader/Mixin) Mixing PlayerManagerMixin from fabric-networking-api-v1.mixins.json into net.minecraft.server.PlayerManager
[18:58:57] [main/DEBUG] (FabricLoader/Mixin) Mixing PlayerManagerMixin from fabric-lifecycle-events-v1.mixins.json into net.minecraft.server.PlayerManager
[18:58:57] [main/DEBUG] (FabricLoader/Mixin) fabric-message-api-v1.mixins.json:PlayerManagerMixin from mod fabric-message-api-v1->@Inject::onSendChatMessage(Lnet/minecraft/network/message/SignedMessage;Lnet/minecraft/server/network/ServerPlayerEntity;Lnet/minecraft/network/message/MessageType$Parameters;Lorg/spongepowered/asm/mixin/injection/callback/CallbackInfo;)V does use it's CallbackInfo
[18:58:57] [main/DEBUG] (FabricLoader/Mixin) fabric-message-api-v1.mixins.json:PlayerManagerMixin from mod fabric-message-api-v1->@Inject::onSendGameMessage(Lnet/minecraft/text/Text;Ljava/util/function/Function;ZLorg/spongepowered/asm/mixin/injection/callback/CallbackInfo;)V does use it's CallbackInfo
[18:58:57] [main/DEBUG] (FabricLoader/Mixin) fabric-message-api-v1.mixins.json:PlayerManagerMixin from mod fabric-message-api-v1->@Inject::onSendCommandMessage(Lnet/minecraft/network/message/SignedMessage;Lnet/minecraft/server/command/ServerCommandSource;Lnet/minecraft/network/message/MessageType$Parameters;Lorg/spongepowered/asm/mixin/injection/callback/CallbackInfo;)V does use it's CallbackInfo
[18:58:57] [main/DEBUG] (FabricLoader/Mixin) fabric-entity-events-v1.mixins.json:PlayerManagerMixin from mod fabric-entity-events-v1->@Inject::afterRespawn(Lnet/minecraft/server/network/ServerPlayerEntity;ZLorg/spongepowered/asm/mixin/injection/callback/CallbackInfoReturnable;)V does use it's CallbackInfoReturnable
[18:58:57] [main/DEBUG] (FabricLoader/Mixin) fabric-networking-api-v1.mixins.json:PlayerManagerMixin from mod fabric-networking-api-v1->@Inject::handlePlayerConnection(Lnet/minecraft/network/ClientConnection;Lnet/minecraft/server/network/ServerPlayerEntity;Lnet/minecraft/server/network/ConnectedClientData;Lorg/spongepowered/asm/mixin/injection/callback/CallbackInfo;)V doesn't use it's CallbackInfo
[18:58:57] [main/DEBUG] (FabricLoader/Mixin) fabric-networking-api-v1.mixins.json:PlayerManagerMixin from mod fabric-networking-api-v1->@Inject::handlePlayerConnection(Lnet/minecraft/network/ClientConnection;Lnet/minecraft/server/network/ServerPlayerEntity;Lnet/minecraft/server/network/ConnectedClientData;Lorg/spongepowered/asm/mixin/injection/callback/CallbackInfo;)V has 0 override(s) in child classes
[18:58:57] [main/DEBUG] (FabricLoader/Mixin) fabric-networking-api-v1.mixins.json:PlayerManagerMixin from mod fabric-networking-api-v1->@Inject::handlePlayerConnection(Lnet/minecraft/network/ClientConnection;Lnet/minecraft/server/network/ServerPlayerEntity;Lnet/minecraft/server/network/ConnectedClientData;Lorg/spongepowered/asm/mixin/injection/callback/CallbackInfo;)V won't be passed a CallbackInfo as a result
[18:58:57] [main/DEBUG] (FabricLoader/Mixin) fabric-lifecycle-events-v1.mixins.json:PlayerManagerMixin from mod fabric-lifecycle-events-v1->@Inject::hookOnPlayerConnect(Lnet/minecraft/network/ClientConnection;Lnet/minecraft/server/network/ServerPlayerEntity;Lnet/minecraft/server/network/ConnectedClientData;Lorg/spongepowered/asm/mixin/injection/callback/CallbackInfo;)V doesn't use it's CallbackInfo
[18:58:57] [main/DEBUG] (FabricLoader/Mixin) fabric-lifecycle-events-v1.mixins.json:PlayerManagerMixin from mod fabric-lifecycle-events-v1->@Inject::hookOnPlayerConnect(Lnet/minecraft/network/ClientConnection;Lnet/minecraft/server/network/ServerPlayerEntity;Lnet/minecraft/server/network/ConnectedClientData;Lorg/spongepowered/asm/mixin/injection/callback/CallbackInfo;)V has 0 override(s) in child classes
[18:58:57] [main/DEBUG] (FabricLoader/Mixin) fabric-lifecycle-events-v1.mixins.json:PlayerManagerMixin from mod fabric-lifecycle-events-v1->@Inject::hookOnPlayerConnect(Lnet/minecraft/network/ClientConnection;Lnet/minecraft/server/network/ServerPlayerEntity;Lnet/minecraft/server/network/ConnectedClientData;Lorg/spongepowered/asm/mixin/injection/callback/CallbackInfo;)V won't be passed a CallbackInfo as a result
[18:58:57] [main/DEBUG] (FabricLoader/Mixin) fabric-lifecycle-events-v1.mixins.json:PlayerManagerMixin from mod fabric-lifecycle-events-v1->@Inject::hookOnDataPacksReloaded(Lorg/spongepowered/asm/mixin/injection/callback/CallbackInfo;)V doesn't use it's CallbackInfo
[18:58:57] [main/DEBUG] (FabricLoader/Mixin) fabric-lifecycle-events-v1.mixins.json:PlayerManagerMixin from mod fabric-lifecycle-events-v1->@Inject::hookOnDataPacksReloaded(Lorg/spongepowered/asm/mixin/injection/callback/CallbackInfo;)V has 0 override(s) in child classes
[18:58:57] [main/DEBUG] (FabricLoader/Mixin) fabric-lifecycle-events-v1.mixins.json:PlayerManagerMixin from mod fabric-lifecycle-events-v1->@Inject::hookOnDataPacksReloaded(Lorg/spongepowered/asm/mixin/injection/callback/CallbackInfo;)V won't be passed a CallbackInfo as a result
[18:58:57] [main/INFO] (net.fabricmc.fabric.impl.biome.modification.BiomeModificationImpl) Applied 0 biome modifications to 0 of 64 new biomes in 1.554 ms
[18:58:57] [Server thread/INFO] (net.minecraft.server.dedicated.MinecraftDedicatedServer) Starting minecraft server version 1.20.4
[18:58:57] [Server thread/INFO] (net.minecraft.server.dedicated.MinecraftDedicatedServer) Loading properties
[18:58:57] [Server thread/INFO] (net.minecraft.server.dedicated.MinecraftDedicatedServer) Default game type: SURVIVAL
[18:58:57] [Server thread/INFO] (net.minecraft.server.MinecraftServer) Generating keypair
[18:58:57] [Server thread/INFO] (net.minecraft.server.dedicated.MinecraftDedicatedServer) Starting Minecraft server on *:25565
[18:58:57] [Server thread/DEBUG] (io.netty.util.internal.PlatformDependent0) -Dio.netty.noUnsafe: false
[18:58:57] [Server thread/DEBUG] (io.netty.util.internal.PlatformDependent0) Java version: 21
[18:58:57] [Server thread/DEBUG] (io.netty.util.internal.PlatformDependent0) sun.misc.Unsafe.theUnsafe: available
[18:58:57] [Server thread/DEBUG] (io.netty.util.internal.PlatformDependent0) sun.misc.Unsafe.copyMemory: available
[18:58:57] [Server thread/DEBUG] (io.netty.util.internal.PlatformDependent0) sun.misc.Unsafe.storeFence: available
[18:58:57] [Server thread/DEBUG] (io.netty.util.internal.PlatformDependent0) java.nio.Buffer.address: available
[18:58:57] [Server thread/DEBUG] (io.netty.util.internal.PlatformDependent0) direct buffer constructor: unavailable
java.lang.UnsupportedOperationException: Reflective setAccessible(true) disabled
	at io.netty.util.internal.ReflectionUtil.trySetAccessible(ReflectionUtil.java:31) ~[netty-common-4.1.97.Final.jar:?]
	at io.netty.util.internal.PlatformDependent0$5.run(PlatformDependent0.java:289) ~[netty-common-4.1.97.Final.jar:?]
	at java.security.AccessController.doPrivileged(AccessController.java:319) ~[?:?]
	at io.netty.util.internal.PlatformDependent0.<clinit>(PlatformDependent0.java:282) ~[netty-common-4.1.97.Final.jar:?]
	at io.netty.util.internal.PlatformDependent.isAndroid(PlatformDependent.java:333) ~[netty-common-4.1.97.Final.jar:?]
	at io.netty.util.internal.PlatformDependent.<clinit>(PlatformDependent.java:88) ~[netty-common-4.1.97.Final.jar:?]
	at io.netty.util.internal.ClassInitializerUtil.tryLoadClasses(ClassInitializerUtil.java:32) ~[netty-common-4.1.97.Final.jar:?]
	at io.netty.channel.epoll.Native.<clinit>(Native.java:72) ~[netty-transport-classes-epoll-4.1.97.Final.jar:?]
	at io.netty.channel.epoll.Epoll.<clinit>(Epoll.java:40) ~[netty-transport-classes-epoll-4.1.97.Final.jar:?]
	at net.minecraft.server.ServerNetworkIo.bind(ServerNetworkIo.java:74) ~[minecraft-merged-0bd2a6c231-1.20.4-net.fabricmc.yarn.1_20_4.1.20.4+build.3-v2.jar:?]
	at net.minecraft.server.dedicated.MinecraftDedicatedServer.setupServer(MinecraftDedicatedServer.java:139) ~[minecraft-merged-0bd2a6c231-1.20.4-net.fabricmc.yarn.1_20_4.1.20.4+build.3-v2.jar:?]
	at net.minecraft.server.MinecraftServer.runServer(MinecraftServer.java:650) ~[minecraft-merged-0bd2a6c231-1.20.4-net.fabricmc.yarn.1_20_4.1.20.4+build.3-v2.jar:?]
	at net.minecraft.server.MinecraftServer.method_29739(MinecraftServer.java:270) ~[minecraft-merged-0bd2a6c231-1.20.4-net.fabricmc.yarn.1_20_4.1.20.4+build.3-v2.jar:?]
	at java.lang.Thread.run(Thread.java:1583) ~[?:?]
[18:58:57] [Server thread/DEBUG] (io.netty.util.internal.PlatformDependent0) java.nio.Bits.unaligned: available, true
[18:58:57] [Server thread/DEBUG] (io.netty.util.internal.PlatformDependent0) jdk.internal.misc.Unsafe.allocateUninitializedArray(int): unavailable
java.lang.IllegalAccessException: class io.netty.util.internal.PlatformDependent0$7 cannot access class jdk.internal.misc.Unsafe (in module java.base) because module java.base does not export jdk.internal.misc to unnamed module @3e96bacf
	at jdk.internal.reflect.Reflection.newIllegalAccessException(Reflection.java:394) ~[?:?]
	at java.lang.reflect.AccessibleObject.checkAccess(AccessibleObject.java:714) ~[?:?]
	at java.lang.reflect.Method.invoke(Method.java:571) ~[?:?]
	at io.netty.util.internal.PlatformDependent0$7.run(PlatformDependent0.java:411) ~[netty-common-4.1.97.Final.jar:?]
	at java.security.AccessController.doPrivileged(AccessController.java:319) ~[?:?]
	at io.netty.util.internal.PlatformDependent0.<clinit>(PlatformDependent0.java:402) ~[netty-common-4.1.97.Final.jar:?]
	at io.netty.util.internal.PlatformDependent.isAndroid(PlatformDependent.java:333) ~[netty-common-4.1.97.Final.jar:?]
	at io.netty.util.internal.PlatformDependent.<clinit>(PlatformDependent.java:88) ~[netty-common-4.1.97.Final.jar:?]
	at io.netty.util.internal.ClassInitializerUtil.tryLoadClasses(ClassInitializerUtil.java:32) ~[netty-common-4.1.97.Final.jar:?]
	at io.netty.channel.epoll.Native.<clinit>(Native.java:72) ~[netty-transport-classes-epoll-4.1.97.Final.jar:?]
	at io.netty.channel.epoll.Epoll.<clinit>(Epoll.java:40) ~[netty-transport-classes-epoll-4.1.97.Final.jar:?]
	at net.minecraft.server.ServerNetworkIo.bind(ServerNetworkIo.java:74) ~[minecraft-merged-0bd2a6c231-1.20.4-net.fabricmc.yarn.1_20_4.1.20.4+build.3-v2.jar:?]
	at net.minecraft.server.dedicated.MinecraftDedicatedServer.setupServer(MinecraftDedicatedServer.java:139) ~[minecraft-merged-0bd2a6c231-1.20.4-net.fabricmc.yarn.1_20_4.1.20.4+build.3-v2.jar:?]
	at net.minecraft.server.MinecraftServer.runServer(MinecraftServer.java:650) ~[minecraft-merged-0bd2a6c231-1.20.4-net.fabricmc.yarn.1_20_4.1.20.4+build.3-v2.jar:?]
	at net.minecraft.server.MinecraftServer.method_29739(MinecraftServer.java:270) ~[minecraft-merged-0bd2a6c231-1.20.4-net.fabricmc.yarn.1_20_4.1.20.4+build.3-v2.jar:?]
	at java.lang.Thread.run(Thread.java:1583) ~[?:?]
[18:58:57] [Server thread/DEBUG] (io.netty.util.internal.PlatformDependent0) java.nio.DirectByteBuffer.<init>(long, {int,long}): unavailable
[18:58:57] [Server thread/DEBUG] (io.netty.util.internal.PlatformDependent) sun.misc.Unsafe: available
[18:58:57] [Server thread/DEBUG] (io.netty.util.internal.PlatformDependent) maxDirectMemory: 3221225472 bytes (maybe)
[18:58:57] [Server thread/DEBUG] (io.netty.util.internal.PlatformDependent) -Dio.netty.tmpdir: C:\Users\user\AppData\Local\Temp (java.io.tmpdir)
[18:58:57] [Server thread/DEBUG] (io.netty.util.internal.PlatformDependent) -Dio.netty.bitMode: 64 (sun.arch.data.model)
[18:58:57] [Server thread/DEBUG] (io.netty.util.internal.PlatformDependent) Platform: Windows
[18:58:57] [Server thread/DEBUG] (io.netty.util.internal.PlatformDependent) -Dio.netty.maxDirectMemory: -1 bytes
[18:58:57] [Server thread/DEBUG] (io.netty.util.internal.PlatformDependent) -Dio.netty.uninitializedArrayAllocationThreshold: -1
[18:58:57] [Server thread/DEBUG] (io.netty.util.internal.CleanerJava9) java.nio.ByteBuffer.cleaner(): available
[18:58:57] [Server thread/DEBUG] (io.netty.util.internal.PlatformDependent) -Dio.netty.noPreferDirect: false
[18:58:57] [Server thread/DEBUG] (io.netty.channel.MultithreadEventLoopGroup) -Dio.netty.eventLoopThreads: 16
[18:58:57] [Server thread/DEBUG] (io.netty.util.concurrent.GlobalEventExecutor) -Dio.netty.globalEventExecutor.quietPeriodSeconds: 1
[18:58:57] [Server thread/DEBUG] (io.netty.util.internal.InternalThreadLocalMap) -Dio.netty.threadLocalMap.stringBuilder.initialSize: 1024
[18:58:57] [Server thread/DEBUG] (io.netty.util.internal.InternalThreadLocalMap) -Dio.netty.threadLocalMap.stringBuilder.maxSize: 4096
[18:58:57] [Server thread/DEBUG] (io.netty.channel.nio.NioEventLoop) -Dio.netty.noKeySetOptimization: false
[18:58:57] [Server thread/DEBUG] (io.netty.channel.nio.NioEventLoop) -Dio.netty.selectorAutoRebuildThreshold: 512
[18:58:57] [Server thread/DEBUG] (io.netty.util.internal.PlatformDependent) org.jctools-core.MpscChunkedArrayQueue: available
[18:58:57] [Server thread/INFO] (net.minecraft.server.ServerNetworkIo) Using default channel type
[18:58:57] [Server thread/DEBUG] (FabricLoader/Mixin) Mixing ClientConnectionMixin from fabric-networking-api-v1.mixins.json into net.minecraft.network.ClientConnection
[18:58:57] [Server thread/DEBUG] (FabricLoader/Mixin) Renaming synthetic method lambda$getPendingChannelsNames$0(Lnet/minecraft/network/NetworkState;)Ljava/util/Collection; to md5fa9cc$fabric-networking-api-v1$lambda$getPendingChannelsNames$0$0 in fabric-networking-api-v1.mixins.json:ClientConnectionMixin from mod fabric-networking-api-v1
[18:58:57] [Server thread/DEBUG] (FabricLoader/Mixin) fabric-networking-api-v1.mixins.json:ClientConnectionMixin from mod fabric-networking-api-v1->@Inject::initAddedFields(Lnet/minecraft/network/NetworkSide;Lorg/spongepowered/asm/mixin/injection/callback/CallbackInfo;)V doesn't use it's CallbackInfo
[18:58:57] [Server thread/DEBUG] (FabricLoader/Mixin) fabric-networking-api-v1.mixins.json:ClientConnectionMixin from mod fabric-networking-api-v1->@Inject::initAddedFields(Lnet/minecraft/network/NetworkSide;Lorg/spongepowered/asm/mixin/injection/callback/CallbackInfo;)V has 0 override(s) in child classes
[18:58:57] [Server thread/DEBUG] (FabricLoader/Mixin) fabric-networking-api-v1.mixins.json:ClientConnectionMixin from mod fabric-networking-api-v1->@Inject::initAddedFields(Lnet/minecraft/network/NetworkSide;Lorg/spongepowered/asm/mixin/injection/callback/CallbackInfo;)V won't be passed a CallbackInfo as a result
[18:58:57] [Server thread/DEBUG] (FabricLoader/Mixin) fabric-networking-api-v1.mixins.json:ClientConnectionMixin from mod fabric-networking-api-v1->@Inject::checkPacket(Lnet/minecraft/network/packet/Packet;Lnet/minecraft/network/PacketCallbacks;ZLorg/spongepowered/asm/mixin/injection/callback/CallbackInfo;)V doesn't use it's CallbackInfo
[18:58:57] [Server thread/DEBUG] (FabricLoader/Mixin) fabric-networking-api-v1.mixins.json:ClientConnectionMixin from mod fabric-networking-api-v1->@Inject::checkPacket(Lnet/minecraft/network/packet/Packet;Lnet/minecraft/network/PacketCallbacks;ZLorg/spongepowered/asm/mixin/injection/callback/CallbackInfo;)V has 0 override(s) in child classes
[18:58:57] [Server thread/DEBUG] (FabricLoader/Mixin) fabric-networking-api-v1.mixins.json:ClientConnectionMixin from mod fabric-networking-api-v1->@Inject::checkPacket(Lnet/minecraft/network/packet/Packet;Lnet/minecraft/network/PacketCallbacks;ZLorg/spongepowered/asm/mixin/injection/callback/CallbackInfo;)V won't be passed a CallbackInfo as a result
[18:58:57] [Server thread/DEBUG] (FabricLoader/Mixin) fabric-networking-api-v1.mixins.json:ClientConnectionMixin from mod fabric-networking-api-v1->@Inject::checkPacket(Lnet/minecraft/network/packet/Packet;Lnet/minecraft/network/PacketCallbacks;ZLorg/spongepowered/asm/mixin/injection/callback/CallbackInfo;)V doesn't use it's CallbackInfo
[18:58:57] [Server thread/DEBUG] (FabricLoader/Mixin) fabric-networking-api-v1.mixins.json:ClientConnectionMixin from mod fabric-networking-api-v1->@Inject::checkPacket(Lnet/minecraft/network/packet/Packet;Lnet/minecraft/network/PacketCallbacks;ZLorg/spongepowered/asm/mixin/injection/callback/CallbackInfo;)V has 0 override(s) in child classes
[18:58:57] [Server thread/DEBUG] (FabricLoader/Mixin) fabric-networking-api-v1.mixins.json:ClientConnectionMixin from mod fabric-networking-api-v1->@Inject::checkPacket(Lnet/minecraft/network/packet/Packet;Lnet/minecraft/network/PacketCallbacks;ZLorg/spongepowered/asm/mixin/injection/callback/CallbackInfo;)V won't be passed a CallbackInfo as a result
[18:58:57] [Server thread/DEBUG] (FabricLoader/Mixin) fabric-networking-api-v1.mixins.json:ClientConnectionMixin from mod fabric-networking-api-v1->@Inject::unwatchAddon(Lnet/minecraft/network/listener/PacketListener;Lorg/spongepowered/asm/mixin/injection/callback/CallbackInfo;)V doesn't use it's CallbackInfo
[18:58:57] [Server thread/DEBUG] (FabricLoader/Mixin) fabric-networking-api-v1.mixins.json:ClientConnectionMixin from mod fabric-networking-api-v1->@Inject::unwatchAddon(Lnet/minecraft/network/listener/PacketListener;Lorg/spongepowered/asm/mixin/injection/callback/CallbackInfo;)V has 0 override(s) in child classes
[18:58:57] [Server thread/DEBUG] (FabricLoader/Mixin) fabric-networking-api-v1.mixins.json:ClientConnectionMixin from mod fabric-networking-api-v1->@Inject::unwatchAddon(Lnet/minecraft/network/listener/PacketListener;Lorg/spongepowered/asm/mixin/injection/callback/CallbackInfo;)V won't be passed a CallbackInfo as a result
[18:58:57] [Server thread/DEBUG] (FabricLoader/Mixin) fabric-networking-api-v1.mixins.json:ClientConnectionMixin from mod fabric-networking-api-v1->@Inject::disconnectAddon(Lio/netty/channel/ChannelHandlerContext;Lorg/spongepowered/asm/mixin/injection/callback/CallbackInfo;)V doesn't use it's CallbackInfo
[18:58:57] [Server thread/DEBUG] (FabricLoader/Mixin) fabric-networking-api-v1.mixins.json:ClientConnectionMixin from mod fabric-networking-api-v1->@Inject::disconnectAddon(Lio/netty/channel/ChannelHandlerContext;Lorg/spongepowered/asm/mixin/injection/callback/CallbackInfo;)V has 0 override(s) in child classes
[18:58:57] [Server thread/DEBUG] (FabricLoader/Mixin) fabric-networking-api-v1.mixins.json:ClientConnectionMixin from mod fabric-networking-api-v1->@Inject::disconnectAddon(Lio/netty/channel/ChannelHandlerContext;Lorg/spongepowered/asm/mixin/injection/callback/CallbackInfo;)V won't be passed a CallbackInfo as a result
[18:58:57] [Server thread/DEBUG] (FabricLoader/Mixin) fabric-networking-api-v1.mixins.json:ClientConnectionMixin from mod fabric-networking-api-v1->@Inject::disconnectAddon(Lorg/spongepowered/asm/mixin/injection/callback/CallbackInfo;)V doesn't use it's CallbackInfo
[18:58:57] [Server thread/DEBUG] (FabricLoader/Mixin) fabric-networking-api-v1.mixins.json:ClientConnectionMixin from mod fabric-networking-api-v1->@Inject::disconnectAddon(Lorg/spongepowered/asm/mixin/injection/callback/CallbackInfo;)V has 0 override(s) in child classes
[18:58:57] [Server thread/DEBUG] (FabricLoader/Mixin) fabric-networking-api-v1.mixins.json:ClientConnectionMixin from mod fabric-networking-api-v1->@Inject::disconnectAddon(Lorg/spongepowered/asm/mixin/injection/callback/CallbackInfo;)V won't be passed a CallbackInfo as a result
[18:58:57] [Server thread/DEBUG] (FabricLoader/Mixin) fabric-networking-api-v1.mixins.json:ClientConnectionMixin from mod fabric-networking-api-v1->@Inject::sendInternal(Lnet/minecraft/network/packet/Packet;Lnet/minecraft/network/PacketCallbacks;ZLorg/spongepowered/asm/mixin/injection/callback/CallbackInfo;Lio/netty/channel/ChannelFuture;)V does use it's CallbackInfo
[18:58:57] [Server thread/DEBUG] (FabricLoader/Mixin) fabric-networking-api-v1.mixins.json:ClientConnectionMixin from mod fabric-networking-api-v1->@Inject::sendInternal(Lnet/minecraft/network/packet/Packet;Lnet/minecraft/network/PacketCallbacks;ZLorg/spongepowered/asm/mixin/injection/callback/CallbackInfo;Lio/netty/channel/ChannelFuture;)V does use it's CallbackInfo
[18:58:57] [Server thread/DEBUG] (io.netty.channel.DefaultChannelId) -Dio.netty.processId: 6868 (auto-detected)
[18:58:57] [Server thread/DEBUG] (io.netty.util.NetUtil) -Djava.net.preferIPv4Stack: false
[18:58:57] [Server thread/DEBUG] (io.netty.util.NetUtil) -Djava.net.preferIPv6Addresses: false
[18:58:57] [Server thread/DEBUG] (io.netty.util.NetUtilInitializations) Loopback interface: loopback_0 (Software Loopback Interface 1, 0:0:0:0:0:0:0:1)
[18:58:57] [Server thread/DEBUG] (io.netty.util.NetUtil) Failed to get SOMAXCONN from sysctl and file \proc\sys\net\core\somaxconn. Default: 200
[18:58:57] [Server thread/DEBUG] (io.netty.channel.DefaultChannelId) -Dio.netty.machineId: 00:0c:29:ff:fe:12:15:d3 (auto-detected)
[18:58:57] [Server thread/DEBUG] (io.netty.buffer.PooledByteBufAllocator) -Dio.netty.allocator.numHeapArenas: 16
[18:58:57] [Server thread/DEBUG] (io.netty.buffer.PooledByteBufAllocator) -Dio.netty.allocator.numDirectArenas: 16
[18:58:57] [Server thread/DEBUG] (io.netty.buffer.PooledByteBufAllocator) -Dio.netty.allocator.pageSize: 8192
[18:58:57] [Server thread/DEBUG] (io.netty.buffer.PooledByteBufAllocator) -Dio.netty.allocator.maxOrder: 9
[18:58:57] [Server thread/DEBUG] (io.netty.buffer.PooledByteBufAllocator) -Dio.netty.allocator.chunkSize: 4194304
[18:58:57] [Server thread/DEBUG] (io.netty.buffer.PooledByteBufAllocator) -Dio.netty.allocator.smallCacheSize: 256
[18:58:57] [Server thread/DEBUG] (io.netty.buffer.PooledByteBufAllocator) -Dio.netty.allocator.normalCacheSize: 64
[18:58:57] [Server thread/DEBUG] (io.netty.buffer.PooledByteBufAllocator) -Dio.netty.allocator.maxCachedBufferCapacity: 32768
[18:58:57] [Server thread/DEBUG] (io.netty.buffer.PooledByteBufAllocator) -Dio.netty.allocator.cacheTrimInterval: 8192
[18:58:57] [Server thread/DEBUG] (io.netty.buffer.PooledByteBufAllocator) -Dio.netty.allocator.cacheTrimIntervalMillis: 0
[18:58:57] [Server thread/DEBUG] (io.netty.buffer.PooledByteBufAllocator) -Dio.netty.allocator.useCacheForAllThreads: false
[18:58:57] [Server thread/DEBUG] (io.netty.buffer.PooledByteBufAllocator) -Dio.netty.allocator.maxCachedByteBuffersPerChunk: 1023
[18:58:57] [Server thread/DEBUG] (io.netty.buffer.ByteBufUtil) -Dio.netty.allocator.type: pooled
[18:58:57] [Server thread/DEBUG] (io.netty.buffer.ByteBufUtil) -Dio.netty.threadLocalDirectBufferSize: 0
[18:58:57] [Server thread/DEBUG] (io.netty.buffer.ByteBufUtil) -Dio.netty.maxThreadLocalCharBufferSize: 16384
[18:58:57] [Server thread/INFO] (net.minecraft.server.dedicated.MinecraftDedicatedServer) Preparing level "world"
[18:58:58] [Server thread/DEBUG] (FabricLoader/Mixin) Mixing ServerWorldServerEntityHandlerMixin from fabric-lifecycle-events-v1.mixins.json into net.minecraft.server.world.ServerWorld$ServerEntityHandler
[18:58:58] [Server thread/DEBUG] (FabricLoader/Mixin) fabric-lifecycle-events-v1.mixins.json:ServerWorldServerEntityHandlerMixin from mod fabric-lifecycle-events-v1->@Inject::invokeEntityLoadEvent(Lnet/minecraft/entity/Entity;Lorg/spongepowered/asm/mixin/injection/callback/CallbackInfo;)V doesn't use it's CallbackInfo
[18:58:58] [Server thread/DEBUG] (FabricLoader/Mixin) fabric-lifecycle-events-v1.mixins.json:ServerWorldServerEntityHandlerMixin from mod fabric-lifecycle-events-v1->@Inject::invokeEntityUnloadEvent(Lnet/minecraft/entity/Entity;Lorg/spongepowered/asm/mixin/injection/callback/CallbackInfo;)V doesn't use it's CallbackInfo
[18:58:58] [Server thread/DEBUG] (FabricLoader/Mixin) Mixing PersistentStateManagerMixin from fabric-object-builder-v1.mixins.json into net.minecraft.world.PersistentStateManager
[18:58:58] [Server thread/DEBUG] (FabricLoader/Mixin) fabric-object-builder-v1.mixins.json:PersistentStateManagerMixin from mod fabric-object-builder-api-v1->@Inject::handleNullDataFixType(Ljava/lang/String;Lnet/minecraft/datafixer/DataFixTypes;ILorg/spongepowered/asm/mixin/injection/callback/CallbackInfoReturnable;Ljava/io/File;Ljava/io/FileInputStream;Ljava/io/PushbackInputStream;Lnet/minecraft/nbt/NbtCompound;)V does use it's CallbackInfoReturnable
[18:58:58] [Server thread/DEBUG] (FabricLoader/Mixin) Mixing accessor.ThreadedAnvilChunkStorageAccessor from fabric-networking-api-v1.mixins.json into net.minecraft.server.world.ThreadedAnvilChunkStorage
[18:58:58] [Server thread/DEBUG] (FabricLoader/Mixin) Mixing ThreadedAnvilChunkStorageMixin from fabric-lifecycle-events-v1.mixins.json into net.minecraft.server.world.ThreadedAnvilChunkStorage
[18:58:58] [Server thread/DEBUG] (FabricLoader/Mixin) fabric-lifecycle-events-v1.mixins.json:ThreadedAnvilChunkStorageMixin from mod fabric-lifecycle-events-v1->@Inject::onChunkUnload(Lnet/minecraft/server/world/ChunkHolder;Ljava/util/concurrent/CompletableFuture;JLnet/minecraft/world/chunk/Chunk;Lorg/spongepowered/asm/mixin/injection/callback/CallbackInfo;)V doesn't use it's CallbackInfo
[18:58:58] [Server thread/DEBUG] (FabricLoader/Mixin) fabric-lifecycle-events-v1.mixins.json:ThreadedAnvilChunkStorageMixin from mod fabric-lifecycle-events-v1->@Inject::onChunkUnload(Lnet/minecraft/server/world/ChunkHolder;Ljava/util/concurrent/CompletableFuture;JLnet/minecraft/world/chunk/Chunk;Lorg/spongepowered/asm/mixin/injection/callback/CallbackInfo;)V has 0 override(s) in child classes
[18:58:58] [Server thread/DEBUG] (FabricLoader/Mixin) fabric-lifecycle-events-v1.mixins.json:ThreadedAnvilChunkStorageMixin from mod fabric-lifecycle-events-v1->@Inject::onChunkUnload(Lnet/minecraft/server/world/ChunkHolder;Ljava/util/concurrent/CompletableFuture;JLnet/minecraft/world/chunk/Chunk;Lorg/spongepowered/asm/mixin/injection/callback/CallbackInfo;)V won't be passed a CallbackInfo as a result
[18:58:58] [Server thread/DEBUG] (FabricLoader/Mixin) fabric-lifecycle-events-v1.mixins.json:ThreadedAnvilChunkStorageMixin from mod fabric-lifecycle-events-v1->@Inject::onChunkLoad(Lnet/minecraft/server/world/ChunkHolder;Lnet/minecraft/world/chunk/Chunk;Lorg/spongepowered/asm/mixin/injection/callback/CallbackInfoReturnable;)V does use it's CallbackInfoReturnable
[18:58:58] [Server thread/DEBUG] (FabricLoader/Mixin) Mixing NoiseConfigMixin from fabric-biome-api-v1.mixins.json into net.minecraft.world.gen.noise.NoiseConfig
[18:58:58] [Server thread/DEBUG] (FabricLoader/Mixin) fabric-biome-api-v1.mixins.json:NoiseConfigMixin from mod fabric-biome-api-v1->@Inject::init(Lnet/minecraft/world/gen/chunk/ChunkGeneratorSettings;Lnet/minecraft/registry/RegistryEntryLookup;JLorg/spongepowered/asm/mixin/injection/callback/CallbackInfo;)V doesn't use it's CallbackInfo
[18:58:58] [Server thread/DEBUG] (FabricLoader/Mixin) Mixing MultiNoiseUtilMultiNoiseSamplerMixin from fabric-biome-api-v1.mixins.json into net.minecraft.world.biome.source.util.MultiNoiseUtil$MultiNoiseSampler
[18:58:59] [Server thread/DEBUG] (FabricLoader/Mixin) Mixing ChunkSerializerMixin from fabric-registry-sync-v0.mixins.json into net.minecraft.world.ChunkSerializer
[18:58:59] [Server thread/DEBUG] (FabricLoader/Mixin) Mixing ChunkSerializerMixin from fabric-data-attachment-api-v1.mixins.json into net.minecraft.world.ChunkSerializer
[18:58:59] [Server thread/DEBUG] (FabricLoader/Mixin) fabric-data-attachment-api-v1.mixins.json:ChunkSerializerMixin from mod fabric-data-attachment-api-v1->@Inject::writeChunkAttachments(Lnet/minecraft/server/world/ServerWorld;Lnet/minecraft/world/chunk/Chunk;Lorg/spongepowered/asm/mixin/injection/callback/CallbackInfoReturnable;)V does use it's CallbackInfoReturnable
[18:58:59] [Server thread/DEBUG] (FabricLoader/Mixin) Mixing WrapperProtoChunkMixin from fabric-data-attachment-api-v1.mixins.json into net.minecraft.world.chunk.WrapperProtoChunk
[18:58:59] [Server thread/DEBUG] (FabricLoader/Mixin) Mixing ChunkSectionMixin from fabric-block-api-v1.mixins.json into net.minecraft.world.chunk.ChunkSection
[18:58:59] [Server thread/DEBUG] (FabricLoader/Mixin) Mixing ChunkSectionBlockStateCounterMixin from fabric-block-api-v1.mixins.json into net.minecraft.world.chunk.ChunkSection$BlockStateCounter
[18:58:59] [Yggdrasil Key Fetcher/ERROR] (com.mojang.authlib.yggdrasil.YggdrasilServicesKeyInfo) Failed to request yggdrasil public key
com.mojang.authlib.exceptions.MinecraftClientException: Failed to read from https://api.minecraftservices.com/publickeys due to Connect timed out
	at com.mojang.authlib.minecraft.client.MinecraftClient.readInputStream(MinecraftClient.java:108) ~[authlib-6.0.52.jar:?]
	at com.mojang.authlib.minecraft.client.MinecraftClient.get(MinecraftClient.java:57) ~[authlib-6.0.52.jar:?]
	at com.mojang.authlib.yggdrasil.YggdrasilServicesKeyInfo.fetch(YggdrasilServicesKeyInfo.java:114) ~[authlib-6.0.52.jar:?]
	at com.mojang.authlib.yggdrasil.YggdrasilServicesKeyInfo$1.run(YggdrasilServicesKeyInfo.java:89) ~[authlib-6.0.52.jar:?]
	at java.util.concurrent.Executors$RunnableAdapter.call(Executors.java:572) ~[?:?]
	at java.util.concurrent.FutureTask.run(FutureTask.java:317) ~[?:?]
	at java.util.concurrent.ScheduledThreadPoolExecutor$ScheduledFutureTask.run(ScheduledThreadPoolExecutor.java:304) ~[?:?]
	at java.util.concurrent.ThreadPoolExecutor.runWorker(ThreadPoolExecutor.java:1144) ~[?:?]
	at java.util.concurrent.ThreadPoolExecutor$Worker.run(ThreadPoolExecutor.java:642) ~[?:?]
	at java.lang.Thread.run(Thread.java:1583) ~[?:?]
Caused by: java.net.SocketTimeoutException: Connect timed out
	at sun.nio.ch.NioSocketImpl.timedFinishConnect(NioSocketImpl.java:546) ~[?:?]
	at sun.nio.ch.NioSocketImpl.connect(NioSocketImpl.java:592) ~[?:?]
	at java.net.SocksSocketImpl.connect(SocksSocketImpl.java:327) ~[?:?]
	at java.net.Socket.connect(Socket.java:751) ~[?:?]
	at sun.security.ssl.SSLSocketImpl.connect(SSLSocketImpl.java:304) ~[?:?]
	at sun.net.NetworkClient.doConnect(NetworkClient.java:178) ~[?:?]
	at sun.net.www.http.HttpClient.openServer(HttpClient.java:531) ~[?:?]
	at sun.net.www.http.HttpClient.openServer(HttpClient.java:636) ~[?:?]
	at sun.net.www.protocol.https.HttpsClient.<init>(HttpsClient.java:264) ~[?:?]
	at sun.net.www.protocol.https.HttpsClient.New(HttpsClient.java:377) ~[?:?]
	at sun.net.www.protocol.https.AbstractDelegateHttpsURLConnection.getNewHttpClient(AbstractDelegateHttpsURLConnection.java:193) ~[?:?]
	at sun.net.www.protocol.http.HttpURLConnection.plainConnect0(HttpURLConnection.java:1302) ~[?:?]
	at sun.net.www.protocol.http.HttpURLConnection.plainConnect(HttpURLConnection.java:1143) ~[?:?]
	at sun.net.www.protocol.https.AbstractDelegateHttpsURLConnection.connect(AbstractDelegateHttpsURLConnection.java:179) ~[?:?]
	at sun.net.www.protocol.http.HttpURLConnection.getInputStream0(HttpURLConnection.java:1705) ~[?:?]
	at sun.net.www.protocol.http.HttpURLConnection.getInputStream(HttpURLConnection.java:1629) ~[?:?]
	at java.net.HttpURLConnection.getResponseCode(HttpURLConnection.java:531) ~[?:?]
	at sun.net.www.protocol.https.HttpsURLConnectionImpl.getResponseCode(HttpsURLConnectionImpl.java:307) ~[?:?]
	at com.mojang.authlib.minecraft.client.MinecraftClient.readInputStream(MinecraftClient.java:84) ~[authlib-6.0.52.jar:?]
	... 9 more
[18:59:00] [Server thread/INFO] (net.minecraft.server.MinecraftServer) Preparing start region for dimension minecraft:overworld
[18:59:00] [Server thread/DEBUG] (FabricLoader/Mixin) Mixing server.LanguageMixin from fabric-resource-loader-v0.mixins.json into net.minecraft.util.Language
[18:59:00] [Server thread/INFO] (net.minecraft.server.WorldGenerationProgressLogger) Preparing spawn area: 0%
[18:59:00] [Worker-Main-5/DEBUG] (FabricLoader/Mixin) Mixing ChunkNoiseSamplerMixin from fabric-biome-api-v1.mixins.json into net.minecraft.world.gen.chunk.ChunkNoiseSampler
[18:59:00] [Worker-Main-5/DEBUG] (FabricLoader/Mixin) fabric-biome-api-v1.mixins.json:ChunkNoiseSamplerMixin from mod fabric-biome-api-v1->@Inject::init(ILnet/minecraft/world/gen/noise/NoiseConfig;IILnet/minecraft/world/gen/chunk/GenerationShapeConfig;Lnet/minecraft/world/gen/densityfunction/DensityFunctionTypes$Beardifying;Lnet/minecraft/world/gen/chunk/ChunkGeneratorSettings;Lnet/minecraft/world/gen/chunk/AquiferSampler$FluidLevelSampler;Lnet/minecraft/world/gen/chunk/Blender;Lorg/spongepowered/asm/mixin/injection/callback/CallbackInfo;)V doesn't use it's CallbackInfo
[18:59:00] [Worker-Main-5/DEBUG] (FabricLoader/Mixin) fabric-biome-api-v1.mixins.json:ChunkNoiseSamplerMixin from mod fabric-biome-api-v1->@Inject::init(ILnet/minecraft/world/gen/noise/NoiseConfig;IILnet/minecraft/world/gen/chunk/GenerationShapeConfig;Lnet/minecraft/world/gen/densityfunction/DensityFunctionTypes$Beardifying;Lnet/minecraft/world/gen/chunk/ChunkGeneratorSettings;Lnet/minecraft/world/gen/chunk/AquiferSampler$FluidLevelSampler;Lnet/minecraft/world/gen/chunk/Blender;Lorg/spongepowered/asm/mixin/injection/callback/CallbackInfo;)V has 0 override(s) in child classes
[18:59:00] [Worker-Main-5/DEBUG] (FabricLoader/Mixin) fabric-biome-api-v1.mixins.json:ChunkNoiseSamplerMixin from mod fabric-biome-api-v1->@Inject::init(ILnet/minecraft/world/gen/noise/NoiseConfig;IILnet/minecraft/world/gen/chunk/GenerationShapeConfig;Lnet/minecraft/world/gen/densityfunction/DensityFunctionTypes$Beardifying;Lnet/minecraft/world/gen/chunk/ChunkGeneratorSettings;Lnet/minecraft/world/gen/chunk/AquiferSampler$FluidLevelSampler;Lnet/minecraft/world/gen/chunk/Blender;Lorg/spongepowered/asm/mixin/injection/callback/CallbackInfo;)V won't be passed a CallbackInfo as a result
[18:59:00] [Worker-Main-5/DEBUG] (FabricLoader/Mixin) fabric-biome-api-v1.mixins.json:ChunkNoiseSamplerMixin from mod fabric-biome-api-v1->@Inject::createMultiNoiseSampler(Lnet/minecraft/world/gen/noise/NoiseRouter;Ljava/util/List;Lorg/spongepowered/asm/mixin/injection/callback/CallbackInfoReturnable;)V does use it's CallbackInfoReturnable
[18:59:00] [Worker-Main-5/INFO] (net.minecraft.server.WorldGenerationProgressLogger) Preparing spawn area: 83%
[18:59:01] [Worker-Main-4/INFO] (net.minecraft.server.WorldGenerationProgressLogger) Preparing spawn area: 83%
[18:59:01] [Worker-Main-1/INFO] (net.minecraft.server.WorldGenerationProgressLogger) Preparing spawn area: 83%
[18:59:02] [Worker-Main-3/INFO] (net.minecraft.server.WorldGenerationProgressLogger) Preparing spawn area: 83%
[18:59:02] [Worker-Main-7/INFO] (net.minecraft.server.WorldGenerationProgressLogger) Preparing spawn area: 83%
[18:59:03] [Worker-Main-2/INFO] (net.minecraft.server.WorldGenerationProgressLogger) Preparing spawn area: 83%
[18:59:03] [Worker-Main-3/INFO] (net.minecraft.server.WorldGenerationProgressLogger) Preparing spawn area: 84%
[18:59:04] [Worker-Main-6/INFO] (net.minecraft.server.WorldGenerationProgressLogger) Preparing spawn area: 87%
[18:59:04] [Worker-Main-6/INFO] (net.minecraft.server.WorldGenerationProgressLogger) Preparing spawn area: 92%
[18:59:05] [Worker-Main-5/INFO] (net.minecraft.server.WorldGenerationProgressLogger) Preparing spawn area: 99%
[18:59:05] [Server thread/INFO] (net.minecraft.server.WorldGenerationProgressLogger) Time elapsed: 5086 ms
[18:59:05] [Server thread/INFO] (net.minecraft.server.dedicated.MinecraftDedicatedServer) Done (7.419s)! For help, type "help"
[18:59:05] [Server thread/INFO] (MinecraftTransitRailway) Found available port: 8888
[18:59:05] [Server thread/INFO] (TransportSimulationCore) Loading files...
[18:59:05] [Server thread/INFO] (TransportSimulationCore) Data loading complete for minecraft/overworld in 0.018 second(s)
[18:59:05] [Server thread/INFO] (TransportSimulationCore) Data loading complete for minecraft/the_end in 0.0 second(s)
[18:59:05] [Server thread/INFO] (TransportSimulationCore) Data loading complete for minecraft/the_nether in 0.001 second(s)
[18:59:05] [Server thread/DEBUG] (org.mtr.libraries.org.eclipse.jetty.util.log) Logging to org.apache.logging.slf4j.Log4jLogger@253cfc0a via org.mtr.libraries.org.eclipse.jetty.util.log.Slf4jLog
[18:59:05] [Server thread/INFO] (org.mtr.libraries.org.eclipse.jetty.util.log) Logging initialized @23221ms to org.mtr.libraries.org.eclipse.jetty.util.log.Slf4jLog
[18:59:05] [Server thread/DEBUG] (org.mtr.libraries.org.eclipse.jetty.util.component.ContainerLifeCycle) QueuedThreadPool[qtp1063689497]@3f669d19{STOPPED,10<=0<=100,i=0,r=-1,q=0}[NO_TRY] added {org.mtr.libraries.org.eclipse.jetty.util.thread.ThreadPoolBudget@2fe29060,POJO}
[18:59:05] [Server thread/DEBUG] (org.mtr.libraries.org.eclipse.jetty.util.component.ContainerLifeCycle) Server@34a6018c{STOPPED}[9.4.54.v20240208] added {QueuedThreadPool[qtp1063689497]@3f669d19{STOPPED,10<=0<=100,i=0,r=-1,q=0}[NO_TRY],AUTO}
[18:59:05] [Server thread/DEBUG] (org.mtr.libraries.org.eclipse.jetty.util.component.ContainerLifeCycle) HttpConnectionFactory@561ff0e6[HTTP/1.1] added {HttpConfiguration@3aa1b8bb{32768/8192,8192/8192,https://:0,[]},POJO}
[18:59:05] [Server thread/DEBUG] (org.mtr.libraries.org.eclipse.jetty.util.component.ContainerLifeCycle) ServerConnector@76b72636{null, ()}{0.0.0.0:0} added {Server@34a6018c{STOPPED}[9.4.54.v20240208],UNMANAGED}
[18:59:05] [Server thread/DEBUG] (org.mtr.libraries.org.eclipse.jetty.util.component.ContainerLifeCycle) ServerConnector@76b72636{null, ()}{0.0.0.0:0} added {QueuedThreadPool[qtp1063689497]@3f669d19{STOPPED,10<=0<=100,i=0,r=-1,q=0}[NO_TRY],AUTO}
[18:59:05] [Server thread/DEBUG] (org.mtr.libraries.org.eclipse.jetty.util.component.ContainerLifeCycle) ServerConnector@76b72636{null, ()}{0.0.0.0:0} added {ScheduledExecutorScheduler@1a69f60b{STOPPED},AUTO}
[18:59:05] [Server thread/DEBUG] (org.mtr.libraries.org.eclipse.jetty.util.component.ContainerLifeCycle) ServerConnector@76b72636{null, ()}{0.0.0.0:0} added {ArrayByteBufferPool@4a77ae91{minBufferCapacity=0, maxBufferCapacity=65536, maxQueueLength=-1, factor=1024},POJO}
[18:59:05] [Server thread/DEBUG] (org.mtr.libraries.org.eclipse.jetty.util.component.ContainerLifeCycle) ServerConnector@76b72636{null, (http/1.1)}{0.0.0.0:0} added {HttpConnectionFactory@561ff0e6[HTTP/1.1],AUTO}
[18:59:05] [Server thread/DEBUG] (org.mtr.libraries.org.eclipse.jetty.server.AbstractConnector) ServerConnector@76b72636{HTTP/1.1, (http/1.1)}{0.0.0.0:0} added HttpConnectionFactory@561ff0e6[HTTP/1.1]
[18:59:05] [Server thread/DEBUG] (org.mtr.libraries.org.eclipse.jetty.util.component.ContainerLifeCycle) ServerConnector@76b72636{HTTP/1.1, (http/1.1)}{0.0.0.0:0} added {SelectorManager@ServerConnector@76b72636{HTTP/1.1, (http/1.1)}{0.0.0.0:0},MANAGED}
[18:59:05] [Server thread/DEBUG] (org.mtr.libraries.org.eclipse.jetty.util.component.ContainerLifeCycle) Server@34a6018c{STOPPED}[9.4.54.v20240208] added {ServerConnector@76b72636{HTTP/1.1, (http/1.1)}{0.0.0.0:0},AUTO}
[18:59:05] [Server thread/DEBUG] (org.mtr.libraries.org.eclipse.jetty.util.DecoratedObjectFactory) Adding Decorator: org.mtr.libraries.org.eclipse.jetty.util.DeprecationWarning@77657efd
[18:59:05] [Server thread/DEBUG] (org.mtr.libraries.org.eclipse.jetty.util.component.ContainerLifeCycle) o.m.l.o.e.j.s.ServletContextHandler@56858561{/,null,STOPPED} added {ServletHandler@626ddc8{STOPPED},MANAGED}
[18:59:05] [Server thread/DEBUG] (org.mtr.libraries.org.eclipse.jetty.util.component.ContainerLifeCycle) Server@34a6018c{STOPPED}[9.4.54.v20240208] added {o.m.l.o.e.j.s.ServletContextHandler@56858561{/,null,STOPPED},MANAGED}
[18:59:05] [Server thread/DEBUG] (org.mtr.libraries.org.eclipse.jetty.util.component.ContainerLifeCycle) ServletHandler@626ddc8{STOPPED} added {org.mtr.core.Main$MainWebServlet-52887272==org.mtr.core.Main$MainWebServlet@33b6d34d{jsp=null,order=-1,inst=false,async=true,src=EMBEDDED:null,STOPPED},AUTO}
[18:59:05] [Server thread/DEBUG] (org.mtr.libraries.org.eclipse.jetty.util.component.ContainerLifeCycle) ServletHandler@626ddc8{STOPPED} added {[/]=>org.mtr.core.Main$MainWebServlet-52887272,POJO}
[18:59:05] [Server thread/DEBUG] (org.mtr.libraries.org.eclipse.jetty.util.component.ContainerLifeCycle) ServletHandler@626ddc8{STOPPED} added {org.mtr.core.servlet.SystemMapServlet-1917c460==org.mtr.core.servlet.SystemMapServlet@1ec62f23{jsp=null,order=-1,inst=false,async=true,src=EMBEDDED:null,STOPPED},AUTO}
[18:59:05] [Server thread/DEBUG] (org.mtr.libraries.org.eclipse.jetty.util.component.ContainerLifeCycle) ServletHandler@626ddc8{STOPPED} added {[/mtr/api/map/*]=>org.mtr.core.servlet.SystemMapServlet-1917c460,POJO}
[18:59:05] [Server thread/DEBUG] (org.mtr.libraries.org.eclipse.jetty.util.component.ContainerLifeCycle) ServletHandler@626ddc8{STOPPED} added {org.mtr.core.servlet.OBAServlet-3bac1978==org.mtr.core.servlet.OBAServlet@ccbff8a5{jsp=null,order=-1,inst=false,async=true,src=EMBEDDED:null,STOPPED},AUTO}
[18:59:05] [Server thread/DEBUG] (org.mtr.libraries.org.eclipse.jetty.util.component.ContainerLifeCycle) ServletHandler@626ddc8{STOPPED} added {[/oba/api/where/*]=>org.mtr.core.servlet.OBAServlet-3bac1978,POJO}
[18:59:05] [Server thread/DEBUG] (org.mtr.libraries.org.eclipse.jetty.util.component.AbstractLifeCycle) starting Server@34a6018c{STOPPED}[9.4.54.v20240208]
[18:59:05] [Server thread/DEBUG] (org.mtr.libraries.org.eclipse.jetty.util.component.ContainerLifeCycle) Server@34a6018c{STARTING}[9.4.54.v20240208] added {ErrorHandler@68a37ffc{STOPPED},AUTO}
[18:59:05] [Server thread/INFO] (org.mtr.libraries.org.eclipse.jetty.server.Server) jetty-9.4.54.v20240208; built: 2024-02-08T19:42:39.027Z; git: cef3fbd6d736a21e7d541a5db490381d95a2047d; jvm 21.0.11+10-LTS
[18:59:05] [Server thread/DEBUG] (org.mtr.libraries.org.eclipse.jetty.server.handler.AbstractHandler) starting Server@34a6018c{STARTING}[9.4.54.v20240208]
[18:59:05] [Server thread/DEBUG] (org.mtr.libraries.org.eclipse.jetty.util.component.AbstractLifeCycle) starting QueuedThreadPool[qtp1063689497]@3f669d19{STOPPED,10<=0<=100,i=0,r=-1,q=0}[NO_TRY]
[18:59:05] [Server thread/DEBUG] (org.mtr.libraries.org.eclipse.jetty.util.thread.ReservedThreadExecutor) ReservedThreadExecutor@19436ac6{reserved=0/8,pending=0}
[18:59:05] [Server thread/DEBUG] (org.mtr.libraries.org.eclipse.jetty.util.component.ContainerLifeCycle) QueuedThreadPool[qtp1063689497]@3f669d19{STARTING,10<=0<=100,i=0,r=-1,q=0}[ReservedThreadExecutor@19436ac6{reserved=0/8,pending=0}] added {ReservedThreadExecutor@19436ac6{reserved=0/8,pending=0},AUTO}
[18:59:05] [Server thread/DEBUG] (org.mtr.libraries.org.eclipse.jetty.util.component.AbstractLifeCycle) starting ReservedThreadExecutor@19436ac6{reserved=0/8,pending=0}
[18:59:05] [Server thread/DEBUG] (org.mtr.libraries.org.eclipse.jetty.util.component.AbstractLifeCycle) STARTED @23316ms ReservedThreadExecutor@19436ac6{reserved=0/8,pending=0}
[18:59:05] [Server thread/DEBUG] (org.mtr.libraries.org.eclipse.jetty.util.thread.QueuedThreadPool) Starting Thread[#63,qtp1063689497-63,5,main]
[18:59:05] [Server thread/DEBUG] (org.mtr.libraries.org.eclipse.jetty.util.thread.QueuedThreadPool) Starting Thread[#64,qtp1063689497-64,5,main]
[18:59:05] [Server thread/DEBUG] (org.mtr.libraries.org.eclipse.jetty.util.thread.QueuedThreadPool) Starting Thread[#65,qtp1063689497-65,5,main]
[18:59:05] [Server thread/DEBUG] (org.mtr.libraries.org.eclipse.jetty.util.thread.QueuedThreadPool) Starting Thread[#66,qtp1063689497-66,5,main]
[18:59:05] [Server thread/DEBUG] (org.mtr.libraries.org.eclipse.jetty.util.thread.QueuedThreadPool) Starting Thread[#67,qtp1063689497-67,5,main]
[18:59:05] [qtp1063689497-63/DEBUG] (org.mtr.libraries.org.eclipse.jetty.util.thread.QueuedThreadPool) Runner started for QueuedThreadPool[qtp1063689497]@3f669d19{STARTING,10<=4<=100,i=4,r=-1,q=0}[ReservedThreadExecutor@19436ac6{reserved=0/8,pending=0}]
[18:59:05] [Server thread/DEBUG] (org.mtr.libraries.org.eclipse.jetty.util.thread.QueuedThreadPool) Starting Thread[#68,qtp1063689497-68,5,main]
[18:59:05] [qtp1063689497-65/DEBUG] (org.mtr.libraries.org.eclipse.jetty.util.thread.QueuedThreadPool) Runner started for QueuedThreadPool[qtp1063689497]@3f669d19{STARTING,10<=6<=100,i=6,r=-1,q=0}[ReservedThreadExecutor@19436ac6{reserved=0/8,pending=0}]
[18:59:05] [Server thread/DEBUG] (org.mtr.libraries.org.eclipse.jetty.util.thread.QueuedThreadPool) Starting Thread[#69,qtp1063689497-69,5,main]
[18:59:05] [qtp1063689497-64/DEBUG] (org.mtr.libraries.org.eclipse.jetty.util.thread.QueuedThreadPool) Runner started for QueuedThreadPool[qtp1063689497]@3f669d19{STARTING,10<=6<=100,i=6,r=-1,q=0}[ReservedThreadExecutor@19436ac6{reserved=0/8,pending=0}]
[18:59:05] [qtp1063689497-66/DEBUG] (org.mtr.libraries.org.eclipse.jetty.util.thread.QueuedThreadPool) Runner started for QueuedThreadPool[qtp1063689497]@3f669d19{STARTING,10<=6<=100,i=6,r=-1,q=0}[ReservedThreadExecutor@19436ac6{reserved=0/8,pending=0}]
[18:59:05] [qtp1063689497-67/DEBUG] (org.mtr.libraries.org.eclipse.jetty.util.thread.QueuedThreadPool) Runner started for QueuedThreadPool[qtp1063689497]@3f669d19{STARTING,10<=7<=100,i=7,r=-1,q=0}[ReservedThreadExecutor@19436ac6{reserved=0/8,pending=0}]
[18:59:05] [Server thread/DEBUG] (org.mtr.libraries.org.eclipse.jetty.util.thread.QueuedThreadPool) Starting Thread[#70,qtp1063689497-70,5,main]
[18:59:05] [qtp1063689497-69/DEBUG] (org.mtr.libraries.org.eclipse.jetty.util.thread.QueuedThreadPool) Runner started for QueuedThreadPool[qtp1063689497]@3f669d19{STARTING,10<=8<=100,i=8,r=-1,q=0}[ReservedThreadExecutor@19436ac6{reserved=0/8,pending=0}]
[18:59:05] [qtp1063689497-68/DEBUG] (org.mtr.libraries.org.eclipse.jetty.util.thread.QueuedThreadPool) Runner started for QueuedThreadPool[qtp1063689497]@3f669d19{STARTING,10<=8<=100,i=8,r=-1,q=0}[ReservedThreadExecutor@19436ac6{reserved=0/8,pending=0}]
[18:59:05] [Server thread/DEBUG] (org.mtr.libraries.org.eclipse.jetty.util.thread.QueuedThreadPool) Starting Thread[#71,qtp1063689497-71,5,main]
[18:59:05] [qtp1063689497-70/DEBUG] (org.mtr.libraries.org.eclipse.jetty.util.thread.QueuedThreadPool) Runner started for QueuedThreadPool[qtp1063689497]@3f669d19{STARTING,10<=9<=100,i=9,r=-1,q=0}[ReservedThreadExecutor@19436ac6{reserved=0/8,pending=0}]
[18:59:05] [qtp1063689497-71/DEBUG] (org.mtr.libraries.org.eclipse.jetty.util.thread.QueuedThreadPool) Runner started for QueuedThreadPool[qtp1063689497]@3f669d19{STARTING,10<=10<=100,i=10,r=-1,q=0}[ReservedThreadExecutor@19436ac6{reserved=0/8,pending=0}]
[18:59:05] [Server thread/DEBUG] (org.mtr.libraries.org.eclipse.jetty.util.thread.QueuedThreadPool) Starting Thread[#72,qtp1063689497-72,5,main]
[18:59:05] [Server thread/DEBUG] (org.mtr.libraries.org.eclipse.jetty.util.component.AbstractLifeCycle) STARTED @23319ms QueuedThreadPool[qtp1063689497]@3f669d19{STARTED,10<=10<=100,i=10,r=-1,q=0}[ReservedThreadExecutor@19436ac6{reserved=0/8,pending=0}]
[18:59:05] [Server thread/DEBUG] (org.mtr.libraries.org.eclipse.jetty.util.component.AbstractLifeCycle) starting o.m.l.o.e.j.s.ServletContextHandler@56858561{/,null,STOPPED}
[18:59:05] [qtp1063689497-72/DEBUG] (org.mtr.libraries.org.eclipse.jetty.util.thread.QueuedThreadPool) Runner started for QueuedThreadPool[qtp1063689497]@3f669d19{STARTED,10<=10<=100,i=10,r=-1,q=0}[ReservedThreadExecutor@19436ac6{reserved=0/8,pending=0}]
[18:59:05] [Server thread/DEBUG] (org.mtr.libraries.org.eclipse.jetty.http.PreEncodedHttpField) HttpField encoders loaded: []
[18:59:05] [Server thread/DEBUG] (org.mtr.libraries.org.eclipse.jetty.server.handler.AbstractHandler) starting o.m.l.o.e.j.s.ServletContextHandler@56858561{/,null,STARTING}
[18:59:05] [Server thread/DEBUG] (org.mtr.libraries.org.eclipse.jetty.util.component.AbstractLifeCycle) starting ServletHandler@626ddc8{STOPPED}
[18:59:05] [Server thread/DEBUG] (org.mtr.libraries.org.eclipse.jetty.servlet.ServletHandler) Path=/oba/api/where/*[EMBEDDED:null] mapped to servlet=org.mtr.core.servlet.OBAServlet-3bac1978[EMBEDDED:null]
[18:59:05] [Server thread/DEBUG] (org.mtr.libraries.org.eclipse.jetty.http.pathmap.ServletPathSpec) Creating ServletPathSpec[/oba/api/where/*] (group: PREFIX_GLOB, prefix: "/oba/api/where", suffix: "null")
[18:59:05] [Server thread/DEBUG] (org.mtr.libraries.org.eclipse.jetty.http.pathmap.PathMappings) Added MappedResource[pathSpec=ServletPathSpec@c45dc77c{/oba/api/where/*},resource=org.mtr.core.servlet.OBAServlet-3bac1978==org.mtr.core.servlet.OBAServlet@ccbff8a5{jsp=null,order=-1,inst=false,async=true,src=EMBEDDED:null,STOPPED}] to PathMappings[size=1]
[18:59:05] [Server thread/DEBUG] (org.mtr.libraries.org.eclipse.jetty.servlet.ServletHandler) Path=/mtr/api/map/*[EMBEDDED:null] mapped to servlet=org.mtr.core.servlet.SystemMapServlet-1917c460[EMBEDDED:null]
[18:59:05] [Server thread/DEBUG] (org.mtr.libraries.org.eclipse.jetty.http.pathmap.ServletPathSpec) Creating ServletPathSpec[/mtr/api/map/*] (group: PREFIX_GLOB, prefix: "/mtr/api/map", suffix: "null")
[18:59:05] [Server thread/DEBUG] (org.mtr.libraries.org.eclipse.jetty.http.pathmap.PathMappings) Added MappedResource[pathSpec=ServletPathSpec@6ee6a1c8{/mtr/api/map/*},resource=org.mtr.core.servlet.SystemMapServlet-1917c460==org.mtr.core.servlet.SystemMapServlet@1ec62f23{jsp=null,order=-1,inst=false,async=true,src=EMBEDDED:null,STOPPED}] to PathMappings[size=2]
[18:59:05] [Server thread/DEBUG] (org.mtr.libraries.org.eclipse.jetty.servlet.ServletHandler) Path=/[EMBEDDED:null] mapped to servlet=org.mtr.core.Main$MainWebServlet-52887272[EMBEDDED:null]
[18:59:05] [Server thread/DEBUG] (org.mtr.libraries.org.eclipse.jetty.http.pathmap.PathMappings) Added MappedResource[pathSpec=ServletPathSpec@6ec92459{/},resource=org.mtr.core.Main$MainWebServlet-52887272==org.mtr.core.Main$MainWebServlet@33b6d34d{jsp=null,order=-1,inst=false,async=true,src=EMBEDDED:null,STOPPED}] to PathMappings[size=3]
[18:59:05] [Server thread/DEBUG] (org.mtr.libraries.org.eclipse.jetty.servlet.ServletHandler) filterNameMap={}
[18:59:05] [Server thread/DEBUG] (org.mtr.libraries.org.eclipse.jetty.servlet.ServletHandler) pathFilters=null
[18:59:05] [Server thread/DEBUG] (org.mtr.libraries.org.eclipse.jetty.servlet.ServletHandler) servletFilterMap=null
[18:59:05] [Server thread/DEBUG] (org.mtr.libraries.org.eclipse.jetty.servlet.ServletHandler) servletPathMap=PathMappings[size=3]
[18:59:05] [Server thread/DEBUG] (org.mtr.libraries.org.eclipse.jetty.servlet.ServletHandler) servletNameMap={org.mtr.core.servlet.SystemMapServlet-1917c460=org.mtr.core.servlet.SystemMapServlet-1917c460==org.mtr.core.servlet.SystemMapServlet@1ec62f23{jsp=null,order=-1,inst=false,async=true,src=EMBEDDED:null,STOPPED}, org.mtr.core.servlet.OBAServlet-3bac1978=org.mtr.core.servlet.OBAServlet-3bac1978==org.mtr.core.servlet.OBAServlet@ccbff8a5{jsp=null,order=-1,inst=false,async=true,src=EMBEDDED:null,STOPPED}, org.mtr.core.Main$MainWebServlet-52887272=org.mtr.core.Main$MainWebServlet-52887272==org.mtr.core.Main$MainWebServlet@33b6d34d{jsp=null,order=-1,inst=false,async=true,src=EMBEDDED:null,STOPPED}}
[18:59:05] [Server thread/DEBUG] (org.mtr.libraries.org.eclipse.jetty.server.handler.AbstractHandler) starting ServletHandler@626ddc8{STARTING}
[18:59:05] [Server thread/DEBUG] (org.mtr.libraries.org.eclipse.jetty.util.component.AbstractLifeCycle) STARTED @23327ms ServletHandler@626ddc8{STARTED}
[18:59:05] [Server thread/DEBUG] (org.mtr.libraries.org.eclipse.jetty.util.component.AbstractLifeCycle) starting org.mtr.core.Main$MainWebServlet-52887272==org.mtr.core.Main$MainWebServlet@33b6d34d{jsp=null,order=-1,inst=false,async=true,src=EMBEDDED:null,STOPPED}
[18:59:05] [Server thread/DEBUG] (org.mtr.libraries.org.eclipse.jetty.util.component.AbstractLifeCycle) STARTED @23328ms org.mtr.core.Main$MainWebServlet-52887272==org.mtr.core.Main$MainWebServlet@33b6d34d{jsp=null,order=-1,inst=false,async=true,src=EMBEDDED:null,STARTED}
[18:59:05] [Server thread/DEBUG] (org.mtr.libraries.org.eclipse.jetty.servlet.ServletHolder) Servlet.init null for org.mtr.core.Main$MainWebServlet-52887272
[18:59:05] [Server thread/DEBUG] (org.mtr.libraries.org.eclipse.jetty.util.component.AbstractLifeCycle) starting org.mtr.core.servlet.OBAServlet-3bac1978==org.mtr.core.servlet.OBAServlet@ccbff8a5{jsp=null,order=-1,inst=false,async=true,src=EMBEDDED:null,STOPPED}
[18:59:05] [Server thread/DEBUG] (org.mtr.libraries.org.eclipse.jetty.util.component.AbstractLifeCycle) STARTED @23330ms org.mtr.core.servlet.OBAServlet-3bac1978==org.mtr.core.servlet.OBAServlet@ccbff8a5{jsp=null,order=-1,inst=false,async=true,src=EMBEDDED:null,STARTED}
[18:59:05] [Server thread/DEBUG] (org.mtr.libraries.org.eclipse.jetty.servlet.ServletHolder) Servlet.init null for org.mtr.core.servlet.OBAServlet-3bac1978
[18:59:05] [Server thread/DEBUG] (org.mtr.libraries.org.eclipse.jetty.util.component.AbstractLifeCycle) starting org.mtr.core.servlet.SystemMapServlet-1917c460==org.mtr.core.servlet.SystemMapServlet@1ec62f23{jsp=null,order=-1,inst=false,async=true,src=EMBEDDED:null,STOPPED}
[18:59:05] [Server thread/DEBUG] (org.mtr.libraries.org.eclipse.jetty.util.component.AbstractLifeCycle) STARTED @23331ms org.mtr.core.servlet.SystemMapServlet-1917c460==org.mtr.core.servlet.SystemMapServlet@1ec62f23{jsp=null,order=-1,inst=false,async=true,src=EMBEDDED:null,STARTED}
[18:59:05] [Server thread/DEBUG] (org.mtr.libraries.org.eclipse.jetty.servlet.ServletHolder) Servlet.init null for org.mtr.core.servlet.SystemMapServlet-1917c460
[18:59:05] [Server thread/INFO] (org.mtr.libraries.org.eclipse.jetty.server.handler.ContextHandler) Started o.m.l.o.e.j.s.ServletContextHandler@56858561{/,null,AVAILABLE}
[18:59:05] [Server thread/DEBUG] (org.mtr.libraries.org.eclipse.jetty.util.component.AbstractLifeCycle) STARTED @23331ms o.m.l.o.e.j.s.ServletContextHandler@56858561{/,null,AVAILABLE}
[18:59:05] [Server thread/DEBUG] (org.mtr.libraries.org.eclipse.jetty.util.component.AbstractLifeCycle) starting ErrorHandler@68a37ffc{STOPPED}
[18:59:05] [Server thread/DEBUG] (org.mtr.libraries.org.eclipse.jetty.server.handler.AbstractHandler) starting ErrorHandler@68a37ffc{STARTING}
[18:59:05] [Server thread/DEBUG] (org.mtr.libraries.org.eclipse.jetty.util.component.AbstractLifeCycle) STARTED @23331ms ErrorHandler@68a37ffc{STARTED}
[18:59:05] [Server thread/DEBUG] (org.mtr.libraries.org.eclipse.jetty.util.component.AbstractLifeCycle) starting ServerConnector@76b72636{HTTP/1.1, (http/1.1)}{0.0.0.0:8888}
[18:59:05] [Server thread/DEBUG] (org.mtr.libraries.org.eclipse.jetty.util.component.ContainerLifeCycle) ServerConnector@76b72636{HTTP/1.1, (http/1.1)}{0.0.0.0:8888} added {sun.nio.ch.ServerSocketChannelImpl[/[0:0:0:0:0:0:0:0]:8888],POJO}
[18:59:05] [Server thread/DEBUG] (org.mtr.libraries.org.eclipse.jetty.util.component.AbstractLifeCycle) starting ScheduledExecutorScheduler@1a69f60b{STOPPED}
[18:59:05] [Server thread/DEBUG] (org.mtr.libraries.org.eclipse.jetty.util.component.AbstractLifeCycle) STARTED @23332ms ScheduledExecutorScheduler@1a69f60b{STARTED}
[18:59:05] [Server thread/DEBUG] (org.mtr.libraries.org.eclipse.jetty.util.component.AbstractLifeCycle) starting HttpConnectionFactory@561ff0e6[HTTP/1.1]
[18:59:05] [Server thread/DEBUG] (org.mtr.libraries.org.eclipse.jetty.util.component.AbstractLifeCycle) STARTED @23333ms HttpConnectionFactory@561ff0e6[HTTP/1.1]
[18:59:05] [Server thread/DEBUG] (org.mtr.libraries.org.eclipse.jetty.util.component.AbstractLifeCycle) starting SelectorManager@ServerConnector@76b72636{HTTP/1.1, (http/1.1)}{0.0.0.0:8888}
[18:59:05] [Server thread/DEBUG] (org.mtr.libraries.org.eclipse.jetty.util.component.ContainerLifeCycle) EatWhatYouKill@16a207a/SelectorProducer@6f22937b/IDLE/p=false/QueuedThreadPool[qtp1063689497]@3f669d19{STARTED,10<=10<=100,i=10,r=-1,q=0}[ReservedThreadExecutor@19436ac6{reserved=0/8,pending=0}][pc=0,pic=0,pec=0,epc=0]@2026-08-30T18:59:05.6546251+08:00 added {SelectorProducer@6f22937b,POJO}
[18:59:05] [Server thread/DEBUG] (org.mtr.libraries.org.eclipse.jetty.util.component.ContainerLifeCycle) EatWhatYouKill@16a207a/SelectorProducer@6f22937b/IDLE/p=false/QueuedThreadPool[qtp1063689497]@3f669d19{STARTED,10<=10<=100,i=10,r=-1,q=0}[ReservedThreadExecutor@19436ac6{reserved=0/8,pending=0}][pc=0,pic=0,pec=0,epc=0]@2026-08-30T18:59:05.6546251+08:00 added {QueuedThreadPool[qtp1063689497]@3f669d19{STARTED,10<=10<=100,i=10,r=-1,q=0}[ReservedThreadExecutor@19436ac6{reserved=0/8,pending=0}],UNMANAGED}
[18:59:05] [Server thread/DEBUG] (org.mtr.libraries.org.eclipse.jetty.util.thread.strategy.EatWhatYouKill) EatWhatYouKill@16a207a/SelectorProducer@6f22937b/IDLE/p=false/QueuedThreadPool[qtp1063689497]@3f669d19{STARTED,10<=10<=100,i=10,r=-1,q=0}[ReservedThreadExecutor@19436ac6{reserved=0/8,pending=0}][pc=0,pic=0,pec=0,epc=0]@2026-08-30T18:59:05.6546251+08:00 created
[18:59:05] [Server thread/DEBUG] (org.mtr.libraries.org.eclipse.jetty.util.component.ContainerLifeCycle) ManagedSelector@1292add6{STOPPED} id=0 keys=-1 selected=-1 updates=0 added {EatWhatYouKill@16a207a/SelectorProducer@6f22937b/IDLE/p=false/QueuedThreadPool[qtp1063689497]@3f669d19{STARTED,10<=10<=100,i=10,r=-1,q=0}[ReservedThreadExecutor@19436ac6{reserved=0/8,pending=0}][pc=0,pic=0,pec=0,epc=0]@2026-08-30T18:59:05.6546251+08:00,MANAGED}
[18:59:05] [Server thread/DEBUG] (org.mtr.libraries.org.eclipse.jetty.util.component.ContainerLifeCycle) SelectorManager@ServerConnector@76b72636{HTTP/1.1, (http/1.1)}{0.0.0.0:8888} added {ManagedSelector@1292add6{STOPPED} id=0 keys=-1 selected=-1 updates=0,AUTO}
[18:59:05] [Server thread/DEBUG] (org.mtr.libraries.org.eclipse.jetty.util.component.ContainerLifeCycle) EatWhatYouKill@513cd04b/SelectorProducer@10543e6/IDLE/p=false/QueuedThreadPool[qtp1063689497]@3f669d19{STARTED,10<=10<=100,i=10,r=-1,q=0}[ReservedThreadExecutor@19436ac6{reserved=0/8,pending=0}][pc=0,pic=0,pec=0,epc=0]@2026-08-30T18:59:05.6546251+08:00 added {SelectorProducer@10543e6,POJO}
[18:59:05] [Server thread/DEBUG] (org.mtr.libraries.org.eclipse.jetty.util.component.ContainerLifeCycle) EatWhatYouKill@513cd04b/SelectorProducer@10543e6/IDLE/p=false/QueuedThreadPool[qtp1063689497]@3f669d19{STARTED,10<=10<=100,i=10,r=-1,q=0}[ReservedThreadExecutor@19436ac6{reserved=0/8,pending=0}][pc=0,pic=0,pec=0,epc=0]@2026-08-30T18:59:05.6546251+08:00 added {QueuedThreadPool[qtp1063689497]@3f669d19{STARTED,10<=10<=100,i=10,r=-1,q=0}[ReservedThreadExecutor@19436ac6{reserved=0/8,pending=0}],UNMANAGED}
[18:59:05] [Server thread/DEBUG] (org.mtr.libraries.org.eclipse.jetty.util.thread.strategy.EatWhatYouKill) EatWhatYouKill@513cd04b/SelectorProducer@10543e6/IDLE/p=false/QueuedThreadPool[qtp1063689497]@3f669d19{STARTED,10<=10<=100,i=10,r=-1,q=0}[ReservedThreadExecutor@19436ac6{reserved=0/8,pending=0}][pc=0,pic=0,pec=0,epc=0]@2026-08-30T18:59:05.6560191+08:00 created
[18:59:05] [Server thread/DEBUG] (org.mtr.libraries.org.eclipse.jetty.util.component.ContainerLifeCycle) ManagedSelector@7ac7b1f6{STOPPED} id=1 keys=-1 selected=-1 updates=0 added {EatWhatYouKill@513cd04b/SelectorProducer@10543e6/IDLE/p=false/QueuedThreadPool[qtp1063689497]@3f669d19{STARTED,10<=10<=100,i=10,r=-1,q=0}[ReservedThreadExecutor@19436ac6{reserved=0/8,pending=0}][pc=0,pic=0,pec=0,epc=0]@2026-08-30T18:59:05.6560191+08:00,MANAGED}
[18:59:05] [Server thread/DEBUG] (org.mtr.libraries.org.eclipse.jetty.util.component.ContainerLifeCycle) SelectorManager@ServerConnector@76b72636{HTTP/1.1, (http/1.1)}{0.0.0.0:8888} added {ManagedSelector@7ac7b1f6{STOPPED} id=1 keys=-1 selected=-1 updates=0,AUTO}
[18:59:05] [Server thread/DEBUG] (org.mtr.libraries.org.eclipse.jetty.util.component.ContainerLifeCycle) EatWhatYouKill@7d3c5f65/SelectorProducer@4a356601/IDLE/p=false/QueuedThreadPool[qtp1063689497]@3f669d19{STARTED,10<=10<=100,i=10,r=-1,q=0}[ReservedThreadExecutor@19436ac6{reserved=0/8,pending=0}][pc=0,pic=0,pec=0,epc=0]@2026-08-30T18:59:05.6560191+08:00 added {SelectorProducer@4a356601,POJO}
[18:59:05] [Server thread/DEBUG] (org.mtr.libraries.org.eclipse.jetty.util.component.ContainerLifeCycle) EatWhatYouKill@7d3c5f65/SelectorProducer@4a356601/IDLE/p=false/QueuedThreadPool[qtp1063689497]@3f669d19{STARTED,10<=10<=100,i=10,r=-1,q=0}[ReservedThreadExecutor@19436ac6{reserved=0/8,pending=0}][pc=0,pic=0,pec=0,epc=0]@2026-08-30T18:59:05.6560191+08:00 added {QueuedThreadPool[qtp1063689497]@3f669d19{STARTED,10<=10<=100,i=10,r=-1,q=0}[ReservedThreadExecutor@19436ac6{reserved=0/8,pending=0}],UNMANAGED}
[18:59:05] [Server thread/DEBUG] (org.mtr.libraries.org.eclipse.jetty.util.thread.strategy.EatWhatYouKill) EatWhatYouKill@7d3c5f65/SelectorProducer@4a356601/IDLE/p=false/QueuedThreadPool[qtp1063689497]@3f669d19{STARTED,10<=10<=100,i=10,r=-1,q=0}[ReservedThreadExecutor@19436ac6{reserved=0/8,pending=0}][pc=0,pic=0,pec=0,epc=0]@2026-08-30T18:59:05.6560191+08:00 created
[18:59:05] [Server thread/DEBUG] (org.mtr.libraries.org.eclipse.jetty.util.component.ContainerLifeCycle) ManagedSelector@610416d2{STOPPED} id=2 keys=-1 selected=-1 updates=0 added {EatWhatYouKill@7d3c5f65/SelectorProducer@4a356601/IDLE/p=false/QueuedThreadPool[qtp1063689497]@3f669d19{STARTED,10<=10<=100,i=10,r=-1,q=0}[ReservedThreadExecutor@19436ac6{reserved=0/8,pending=0}][pc=0,pic=0,pec=0,epc=0]@2026-08-30T18:59:05.6560191+08:00,MANAGED}
[18:59:05] [Server thread/DEBUG] (org.mtr.libraries.org.eclipse.jetty.util.component.ContainerLifeCycle) SelectorManager@ServerConnector@76b72636{HTTP/1.1, (http/1.1)}{0.0.0.0:8888} added {ManagedSelector@610416d2{STOPPED} id=2 keys=-1 selected=-1 updates=0,AUTO}
[18:59:05] [Server thread/DEBUG] (org.mtr.libraries.org.eclipse.jetty.util.component.ContainerLifeCycle) EatWhatYouKill@260b4305/SelectorProducer@3953e7d6/IDLE/p=false/QueuedThreadPool[qtp1063689497]@3f669d19{STARTED,10<=10<=100,i=10,r=-1,q=0}[ReservedThreadExecutor@19436ac6{reserved=0/8,pending=0}][pc=0,pic=0,pec=0,epc=0]@2026-08-30T18:59:05.6560191+08:00 added {SelectorProducer@3953e7d6,POJO}
[18:59:05] [Server thread/DEBUG] (org.mtr.libraries.org.eclipse.jetty.util.component.ContainerLifeCycle) EatWhatYouKill@260b4305/SelectorProducer@3953e7d6/IDLE/p=false/QueuedThreadPool[qtp1063689497]@3f669d19{STARTED,10<=10<=100,i=10,r=-1,q=0}[ReservedThreadExecutor@19436ac6{reserved=0/8,pending=0}][pc=0,pic=0,pec=0,epc=0]@2026-08-30T18:59:05.6560191+08:00 added {QueuedThreadPool[qtp1063689497]@3f669d19{STARTED,10<=10<=100,i=10,r=-1,q=0}[ReservedThreadExecutor@19436ac6{reserved=0/8,pending=0}],UNMANAGED}
[18:59:05] [Server thread/DEBUG] (org.mtr.libraries.org.eclipse.jetty.util.thread.strategy.EatWhatYouKill) EatWhatYouKill@260b4305/SelectorProducer@3953e7d6/IDLE/p=false/QueuedThreadPool[qtp1063689497]@3f669d19{STARTED,10<=10<=100,i=10,r=-1,q=0}[ReservedThreadExecutor@19436ac6{reserved=0/8,pending=0}][pc=0,pic=0,pec=0,epc=0]@2026-08-30T18:59:05.6567664+08:00 created
[18:59:05] [Server thread/DEBUG] (org.mtr.libraries.org.eclipse.jetty.util.component.ContainerLifeCycle) ManagedSelector@58378b93{STOPPED} id=3 keys=-1 selected=-1 updates=0 added {EatWhatYouKill@260b4305/SelectorProducer@3953e7d6/IDLE/p=false/QueuedThreadPool[qtp1063689497]@3f669d19{STARTED,10<=10<=100,i=10,r=-1,q=0}[ReservedThreadExecutor@19436ac6{reserved=0/8,pending=0}][pc=0,pic=0,pec=0,epc=0]@2026-08-30T18:59:05.6567664+08:00,MANAGED}
[18:59:05] [Server thread/DEBUG] (org.mtr.libraries.org.eclipse.jetty.util.component.ContainerLifeCycle) SelectorManager@ServerConnector@76b72636{HTTP/1.1, (http/1.1)}{0.0.0.0:8888} added {ManagedSelector@58378b93{STOPPED} id=3 keys=-1 selected=-1 updates=0,AUTO}
[18:59:05] [Server thread/DEBUG] (org.mtr.libraries.org.eclipse.jetty.util.component.AbstractLifeCycle) starting ManagedSelector@1292add6{STOPPED} id=0 keys=-1 selected=-1 updates=0
[18:59:05] [Server thread/DEBUG] (org.mtr.libraries.org.eclipse.jetty.util.component.AbstractLifeCycle) starting EatWhatYouKill@16a207a/SelectorProducer@6f22937b/IDLE/p=false/QueuedThreadPool[qtp1063689497]@3f669d19{STARTED,10<=10<=100,i=10,r=-1,q=0}[ReservedThreadExecutor@19436ac6{reserved=0/8,pending=0}][pc=0,pic=0,pec=0,epc=0]@2026-08-30T18:59:05.6567664+08:00
[18:59:05] [Server thread/DEBUG] (org.mtr.libraries.org.eclipse.jetty.util.component.AbstractLifeCycle) STARTED @23338ms EatWhatYouKill@16a207a/SelectorProducer@6f22937b/IDLE/p=false/QueuedThreadPool[qtp1063689497]@3f669d19{STARTED,10<=10<=100,i=10,r=-1,q=0}[ReservedThreadExecutor@19436ac6{reserved=0/8,pending=0}][pc=0,pic=0,pec=0,epc=0]@2026-08-30T18:59:05.6567664+08:00
[18:59:05] [Server thread/DEBUG] (org.mtr.libraries.org.eclipse.jetty.util.thread.QueuedThreadPool) queue org.mtr.libraries.org.eclipse.jetty.io.ManagedSelector$$Lambda/0x0000027f01e96d20@65abdf87 startThread=0
[18:59:05] [qtp1063689497-63/DEBUG] (org.mtr.libraries.org.eclipse.jetty.util.thread.QueuedThreadPool) run org.mtr.libraries.org.eclipse.jetty.io.ManagedSelector$$Lambda/0x0000027f01e96d20@65abdf87 in QueuedThreadPool[qtp1063689497]@3f669d19{STARTED,10<=10<=100,i=9,r=-1,q=0}[ReservedThreadExecutor@19436ac6{reserved=0/8,pending=0}]
[18:59:05] [qtp1063689497-63/DEBUG] (org.mtr.libraries.org.eclipse.jetty.util.thread.strategy.EatWhatYouKill) EatWhatYouKill@16a207a/SelectorProducer@6f22937b/IDLE/p=false/QueuedThreadPool[qtp1063689497]@3f669d19{STARTED,10<=10<=100,i=9,r=-1,q=0}[ReservedThreadExecutor@19436ac6{reserved=0/8,pending=0}][pc=0,pic=0,pec=0,epc=0]@2026-08-30T18:59:05.6588703+08:00 tryProduce false
[18:59:05] [Server thread/DEBUG] (org.mtr.libraries.org.eclipse.jetty.io.ManagedSelector) Queued change lazy=false org.mtr.libraries.org.eclipse.jetty.io.ManagedSelector$Start@64343810 on ManagedSelector@1292add6{STARTING} id=0 keys=0 selected=0 updates=0
[18:59:05] [qtp1063689497-63/DEBUG] (org.mtr.libraries.org.eclipse.jetty.io.ManagedSelector) updateable 1
[18:59:05] [qtp1063689497-63/DEBUG] (org.mtr.libraries.org.eclipse.jetty.io.ManagedSelector) update org.mtr.libraries.org.eclipse.jetty.io.ManagedSelector$Start@64343810
[18:59:05] [qtp1063689497-63/DEBUG] (org.mtr.libraries.org.eclipse.jetty.io.ManagedSelector) updates 0
[18:59:05] [Server thread/DEBUG] (org.mtr.libraries.org.eclipse.jetty.util.component.AbstractLifeCycle) STARTED @23342ms ManagedSelector@1292add6{STARTED} id=0 keys=0 selected=0 updates=0
[18:59:05] [qtp1063689497-63/DEBUG] (org.mtr.libraries.org.eclipse.jetty.io.ManagedSelector) Selector sun.nio.ch.WEPollSelectorImpl@5b59a438 waiting with 0 keys
[18:59:05] [Server thread/DEBUG] (org.mtr.libraries.org.eclipse.jetty.util.component.AbstractLifeCycle) starting ManagedSelector@7ac7b1f6{STOPPED} id=1 keys=-1 selected=-1 updates=0
[18:59:05] [Server thread/DEBUG] (org.mtr.libraries.org.eclipse.jetty.util.component.AbstractLifeCycle) starting EatWhatYouKill@513cd04b/SelectorProducer@10543e6/IDLE/p=false/QueuedThreadPool[qtp1063689497]@3f669d19{STARTED,10<=10<=100,i=9,r=-1,q=0}[ReservedThreadExecutor@19436ac6{reserved=0/8,pending=0}][pc=0,pic=0,pec=0,epc=0]@2026-08-30T18:59:05.659868+08:00
[18:59:05] [Server thread/DEBUG] (org.mtr.libraries.org.eclipse.jetty.util.component.AbstractLifeCycle) STARTED @23342ms EatWhatYouKill@513cd04b/SelectorProducer@10543e6/IDLE/p=false/QueuedThreadPool[qtp1063689497]@3f669d19{STARTED,10<=10<=100,i=9,r=-1,q=0}[ReservedThreadExecutor@19436ac6{reserved=0/8,pending=0}][pc=0,pic=0,pec=0,epc=0]@2026-08-30T18:59:05.659868+08:00
[18:59:05] [Server thread/DEBUG] (org.mtr.libraries.org.eclipse.jetty.util.thread.QueuedThreadPool) queue org.mtr.libraries.org.eclipse.jetty.io.ManagedSelector$$Lambda/0x0000027f01e96d20@3fcae0b8 startThread=0
[18:59:05] [qtp1063689497-65/DEBUG] (org.mtr.libraries.org.eclipse.jetty.util.thread.QueuedThreadPool) run org.mtr.libraries.org.eclipse.jetty.io.ManagedSelector$$Lambda/0x0000027f01e96d20@3fcae0b8 in QueuedThreadPool[qtp1063689497]@3f669d19{STARTED,10<=10<=100,i=8,r=-1,q=0}[ReservedThreadExecutor@19436ac6{reserved=0/8,pending=0}]
[18:59:05] [Server thread/DEBUG] (org.mtr.libraries.org.eclipse.jetty.io.ManagedSelector) Queued change lazy=false org.mtr.libraries.org.eclipse.jetty.io.ManagedSelector$Start@2af0e3b5 on ManagedSelector@7ac7b1f6{STARTING} id=1 keys=0 selected=0 updates=0
[18:59:05] [qtp1063689497-65/DEBUG] (org.mtr.libraries.org.eclipse.jetty.util.thread.strategy.EatWhatYouKill) EatWhatYouKill@513cd04b/SelectorProducer@10543e6/IDLE/p=false/QueuedThreadPool[qtp1063689497]@3f669d19{STARTED,10<=10<=100,i=8,r=-1,q=0}[ReservedThreadExecutor@19436ac6{reserved=0/8,pending=0}][pc=0,pic=0,pec=0,epc=0]@2026-08-30T18:59:05.6617746+08:00 tryProduce false
[18:59:05] [qtp1063689497-65/DEBUG] (org.mtr.libraries.org.eclipse.jetty.io.ManagedSelector) updateable 1
[18:59:05] [qtp1063689497-65/DEBUG] (org.mtr.libraries.org.eclipse.jetty.io.ManagedSelector) update org.mtr.libraries.org.eclipse.jetty.io.ManagedSelector$Start@2af0e3b5
[18:59:05] [qtp1063689497-65/DEBUG] (org.mtr.libraries.org.eclipse.jetty.io.ManagedSelector) updates 0
[18:59:05] [qtp1063689497-65/DEBUG] (org.mtr.libraries.org.eclipse.jetty.io.ManagedSelector) Selector sun.nio.ch.WEPollSelectorImpl@6688e68c waiting with 0 keys
[18:59:05] [Server thread/DEBUG] (org.mtr.libraries.org.eclipse.jetty.util.component.AbstractLifeCycle) STARTED @23343ms ManagedSelector@7ac7b1f6{STARTED} id=1 keys=0 selected=0 updates=0
[18:59:05] [Server thread/DEBUG] (org.mtr.libraries.org.eclipse.jetty.util.component.AbstractLifeCycle) starting ManagedSelector@610416d2{STOPPED} id=2 keys=-1 selected=-1 updates=0
[18:59:05] [Server thread/DEBUG] (org.mtr.libraries.org.eclipse.jetty.util.component.AbstractLifeCycle) starting EatWhatYouKill@7d3c5f65/SelectorProducer@4a356601/IDLE/p=false/QueuedThreadPool[qtp1063689497]@3f669d19{STARTED,10<=10<=100,i=8,r=-1,q=0}[ReservedThreadExecutor@19436ac6{reserved=0/8,pending=0}][pc=0,pic=0,pec=0,epc=0]@2026-08-30T18:59:05.6617746+08:00
[18:59:05] [Server thread/DEBUG] (org.mtr.libraries.org.eclipse.jetty.util.component.AbstractLifeCycle) STARTED @23343ms EatWhatYouKill@7d3c5f65/SelectorProducer@4a356601/IDLE/p=false/QueuedThreadPool[qtp1063689497]@3f669d19{STARTED,10<=10<=100,i=8,r=-1,q=0}[ReservedThreadExecutor@19436ac6{reserved=0/8,pending=0}][pc=0,pic=0,pec=0,epc=0]@2026-08-30T18:59:05.6617746+08:00
[18:59:05] [Server thread/DEBUG] (org.mtr.libraries.org.eclipse.jetty.util.thread.QueuedThreadPool) queue org.mtr.libraries.org.eclipse.jetty.io.ManagedSelector$$Lambda/0x0000027f01e96d20@61e0851a startThread=0
[18:59:05] [qtp1063689497-64/DEBUG] (org.mtr.libraries.org.eclipse.jetty.util.thread.QueuedThreadPool) run org.mtr.libraries.org.eclipse.jetty.io.ManagedSelector$$Lambda/0x0000027f01e96d20@61e0851a in QueuedThreadPool[qtp1063689497]@3f669d19{STARTED,10<=10<=100,i=7,r=-1,q=0}[ReservedThreadExecutor@19436ac6{reserved=0/8,pending=0}]
[18:59:05] [Server thread/DEBUG] (org.mtr.libraries.org.eclipse.jetty.io.ManagedSelector) Queued change lazy=false org.mtr.libraries.org.eclipse.jetty.io.ManagedSelector$Start@24d1c58e on ManagedSelector@610416d2{STARTING} id=2 keys=0 selected=0 updates=0
[18:59:05] [qtp1063689497-64/DEBUG] (org.mtr.libraries.org.eclipse.jetty.util.thread.strategy.EatWhatYouKill) EatWhatYouKill@7d3c5f65/SelectorProducer@4a356601/IDLE/p=false/QueuedThreadPool[qtp1063689497]@3f669d19{STARTED,10<=10<=100,i=7,r=-1,q=0}[ReservedThreadExecutor@19436ac6{reserved=0/8,pending=0}][pc=0,pic=0,pec=0,epc=0]@2026-08-30T18:59:05.6627446+08:00 tryProduce false
[18:59:05] [qtp1063689497-64/DEBUG] (org.mtr.libraries.org.eclipse.jetty.io.ManagedSelector) updateable 1
[18:59:05] [qtp1063689497-64/DEBUG] (org.mtr.libraries.org.eclipse.jetty.io.ManagedSelector) update org.mtr.libraries.org.eclipse.jetty.io.ManagedSelector$Start@24d1c58e
[18:59:05] [qtp1063689497-64/DEBUG] (org.mtr.libraries.org.eclipse.jetty.io.ManagedSelector) updates 0
[18:59:05] [qtp1063689497-64/DEBUG] (org.mtr.libraries.org.eclipse.jetty.io.ManagedSelector) Selector sun.nio.ch.WEPollSelectorImpl@62e00b2f waiting with 0 keys
[18:59:05] [Server thread/DEBUG] (org.mtr.libraries.org.eclipse.jetty.util.component.AbstractLifeCycle) STARTED @23344ms ManagedSelector@610416d2{STARTED} id=2 keys=0 selected=0 updates=0
[18:59:05] [Server thread/DEBUG] (org.mtr.libraries.org.eclipse.jetty.util.component.AbstractLifeCycle) starting ManagedSelector@58378b93{STOPPED} id=3 keys=-1 selected=-1 updates=0
[18:59:05] [Server thread/DEBUG] (org.mtr.libraries.org.eclipse.jetty.util.component.AbstractLifeCycle) starting EatWhatYouKill@260b4305/SelectorProducer@3953e7d6/IDLE/p=false/QueuedThreadPool[qtp1063689497]@3f669d19{STARTED,10<=10<=100,i=7,r=-1,q=0}[ReservedThreadExecutor@19436ac6{reserved=0/8,pending=0}][pc=0,pic=0,pec=0,epc=0]@2026-08-30T18:59:05.6627446+08:00
[18:59:05] [Server thread/DEBUG] (org.mtr.libraries.org.eclipse.jetty.util.component.AbstractLifeCycle) STARTED @23345ms EatWhatYouKill@260b4305/SelectorProducer@3953e7d6/IDLE/p=false/QueuedThreadPool[qtp1063689497]@3f669d19{STARTED,10<=10<=100,i=7,r=-1,q=0}[ReservedThreadExecutor@19436ac6{reserved=0/8,pending=0}][pc=0,pic=0,pec=0,epc=0]@2026-08-30T18:59:05.6627446+08:00
[18:59:05] [Server thread/DEBUG] (org.mtr.libraries.org.eclipse.jetty.util.thread.QueuedThreadPool) queue org.mtr.libraries.org.eclipse.jetty.io.ManagedSelector$$Lambda/0x0000027f01e96d20@4c763e8c startThread=0
[18:59:05] [qtp1063689497-66/DEBUG] (org.mtr.libraries.org.eclipse.jetty.util.thread.QueuedThreadPool) run org.mtr.libraries.org.eclipse.jetty.io.ManagedSelector$$Lambda/0x0000027f01e96d20@4c763e8c in QueuedThreadPool[qtp1063689497]@3f669d19{STARTED,10<=10<=100,i=6,r=-1,q=0}[ReservedThreadExecutor@19436ac6{reserved=0/8,pending=0}]
[18:59:05] [Server thread/DEBUG] (org.mtr.libraries.org.eclipse.jetty.io.ManagedSelector) Queued change lazy=false org.mtr.libraries.org.eclipse.jetty.io.ManagedSelector$Start@613681fc on ManagedSelector@58378b93{STARTING} id=3 keys=0 selected=0 updates=0
[18:59:05] [qtp1063689497-66/DEBUG] (org.mtr.libraries.org.eclipse.jetty.util.thread.strategy.EatWhatYouKill) EatWhatYouKill@260b4305/SelectorProducer@3953e7d6/IDLE/p=false/QueuedThreadPool[qtp1063689497]@3f669d19{STARTED,10<=10<=100,i=6,r=-1,q=0}[ReservedThreadExecutor@19436ac6{reserved=0/8,pending=0}][pc=0,pic=0,pec=0,epc=0]@2026-08-30T18:59:05.6640634+08:00 tryProduce false
[18:59:05] [qtp1063689497-66/DEBUG] (org.mtr.libraries.org.eclipse.jetty.io.ManagedSelector) updateable 1
[18:59:05] [qtp1063689497-66/DEBUG] (org.mtr.libraries.org.eclipse.jetty.io.ManagedSelector) update org.mtr.libraries.org.eclipse.jetty.io.ManagedSelector$Start@613681fc
[18:59:05] [qtp1063689497-66/DEBUG] (org.mtr.libraries.org.eclipse.jetty.io.ManagedSelector) updates 0
[18:59:05] [qtp1063689497-66/DEBUG] (org.mtr.libraries.org.eclipse.jetty.io.ManagedSelector) Selector sun.nio.ch.WEPollSelectorImpl@ccce5e3 waiting with 0 keys
[18:59:05] [Server thread/DEBUG] (org.mtr.libraries.org.eclipse.jetty.util.component.AbstractLifeCycle) STARTED @23346ms ManagedSelector@58378b93{STARTED} id=3 keys=0 selected=0 updates=0
[18:59:05] [Server thread/DEBUG] (org.mtr.libraries.org.eclipse.jetty.util.component.AbstractLifeCycle) STARTED @23346ms SelectorManager@ServerConnector@76b72636{HTTP/1.1, (http/1.1)}{0.0.0.0:8888}
[18:59:05] [Server thread/DEBUG] (org.mtr.libraries.org.eclipse.jetty.util.component.ContainerLifeCycle) ServerConnector@76b72636{HTTP/1.1, (http/1.1)}{0.0.0.0:8888} added {acceptor-0@65fd3cd,POJO}
[18:59:05] [Server thread/DEBUG] (org.mtr.libraries.org.eclipse.jetty.util.thread.QueuedThreadPool) queue acceptor-0@65fd3cd startThread=0
[18:59:05] [qtp1063689497-67/DEBUG] (org.mtr.libraries.org.eclipse.jetty.util.thread.QueuedThreadPool) run acceptor-0@65fd3cd in QueuedThreadPool[qtp1063689497]@3f669d19{STARTED,10<=10<=100,i=5,r=-1,q=0}[ReservedThreadExecutor@19436ac6{reserved=0/8,pending=0}]
[18:59:05] [Server thread/INFO] (org.mtr.libraries.org.eclipse.jetty.server.AbstractConnector) Started ServerConnector@76b72636{HTTP/1.1, (http/1.1)}{0.0.0.0:8888}
[18:59:05] [Server thread/DEBUG] (org.mtr.libraries.org.eclipse.jetty.util.component.AbstractLifeCycle) STARTED @23348ms ServerConnector@76b72636{HTTP/1.1, (http/1.1)}{0.0.0.0:8888}
[18:59:05] [Server thread/INFO] (org.mtr.libraries.org.eclipse.jetty.server.Server) Started @23348ms
[18:59:05] [Server thread/DEBUG] (org.mtr.libraries.org.eclipse.jetty.util.component.AbstractLifeCycle) STARTED @23348ms Server@34a6018c{STARTED}[9.4.54.v20240208]
[18:59:05] [Server thread/INFO] (TransportSimulationCore) Server started with dimensions [minecraft/overworld, minecraft/the_end, minecraft/the_nether]
[18:59:05] [Server thread/INFO] (MinecraftTransitRailway) Starting server as a dedicated server
[18:59:05] [Server thread/INFO] (TransportSimulationCore) Simulation difference of 0h29m for minecraft/overworld caught up with 1776 ticks in 0.016 second(s)
[18:59:05] [Server thread/INFO] (TransportSimulationCore) Simulation difference of 0h29m for minecraft/the_end caught up with 1776 ticks in 0.002 second(s)
[18:59:05] [Server thread/INFO] (TransportSimulationCore) Simulation difference of 0h29m for minecraft/the_nether caught up with 1776 ticks in 0.002 second(s)
